-- ==========================================================
-- SCRIPT ULTIME UNIGAMES - RÉEL ET EXHAUSTIF (CORRIGÉ)
-- ==========================================================

USE unigames_db;

DROP TABLE IF EXISTS `users`;
CREATE TABLE `users` (
  `id` bigint(20) unsigned NOT NULL AUTO_INCREMENT,
  `name` varchar(255) NOT NULL,
  `email` varchar(255) NOT NULL,
  `role` varchar(255) DEFAULT 'staff',
  `password` varchar(255) NOT NULL,
  `created_at` timestamp NULL DEFAULT NULL,
  `updated_at` timestamp NULL DEFAULT NULL,
  PRIMARY KEY (`id`),
  UNIQUE KEY `users_email_unique` (`email`)
) ENGINE=InnoDB DEFAULT CHARSET=utf8mb4 COLLATE=utf8mb4_unicode_ci;

SET FOREIGN_KEY_CHECKS = 0;
TRUNCATE TABLE joueur; TRUNCATE TABLE matchs; TRUNCATE TABLE equipe;
TRUNCATE TABLE discipline; TRUNCATE TABLE faculte; TRUNCATE TABLE edition;
TRUNCATE TABLE users;
SET FOREIGN_KEY_CHECKS = 1;

-- 1. EDITIONS
-- Ajouter les colonnes manquantes si elles n'existent pas
SET @col_exists = (SELECT COUNT(*) FROM INFORMATION_SCHEMA.COLUMNS WHERE TABLE_SCHEMA = 'unigames_db' AND TABLE_NAME = 'edition' AND COLUMN_NAME = 'lieu');
SET @sql = IF(@col_exists = 0, 'ALTER TABLE edition ADD COLUMN lieu varchar(255) DEFAULT NULL', 'SELECT 1');
PREPARE stmt FROM @sql; EXECUTE stmt; DEALLOCATE PREPARE stmt;
SET @col_exists = (SELECT COUNT(*) FROM INFORMATION_SCHEMA.COLUMNS WHERE TABLE_SCHEMA = 'unigames_db' AND TABLE_NAME = 'edition' AND COLUMN_NAME = 'description');
SET @sql = IF(@col_exists = 0, 'ALTER TABLE edition ADD COLUMN description text DEFAULT NULL', 'SELECT 1');
PREPARE stmt FROM @sql; EXECUTE stmt; DEALLOCATE PREPARE stmt;
SET @col_exists = (SELECT COUNT(*) FROM INFORMATION_SCHEMA.COLUMNS WHERE TABLE_SCHEMA = 'unigames_db' AND TABLE_NAME = 'edition' AND COLUMN_NAME = 'statut');
SET @sql = IF(@col_exists = 0, "ALTER TABLE edition ADD COLUMN statut enum('a_venir','en_cours','terminee') DEFAULT 'a_venir'", 'SELECT 1');
PREPARE stmt FROM @sql; EXECUTE stmt; DEALLOCATE PREPARE stmt;

INSERT INTO edition (id, nom, date_debut, date_fin, lieu, description, statut) VALUES
(1, 'Jeux Universitaires 2024', '2024-05-01', '2024-05-15', 'Conakry', 'Première édition des Jeux Universitaires de Guinée', 'terminee'),
(2, 'Jeux Universitaires 2025', '2025-05-01', '2025-05-15', 'Conakry', 'Deuxième édition', 'terminee'),
(3, 'Jeux Universitaires 2026', '2026-05-01', '2026-05-15', 'Conakry', 'Troisième édition', 'terminee');

-- 3. DISCIPLINES
INSERT INTO discipline (id, nom, description, nombre_joueurs_par_equipe) VALUES
(1, 'Football Masculin', '11 vs 11', 22), (2, 'Basketball Féminin', '5 vs 5', 12),
(3, 'Volleyball Mixte', '6 vs 6', 10), (4, 'Handball Masculin', '7 vs 7', 14);

-- 2. FACULTES
INSERT INTO faculte (id, nom, universite, edition_id) VALUES
(1, 'Université de Kindia', 'Université de Conakry', 1),
(2, 'Univ. Gl Lansana Conté', 'Université de Conakry', 1),
(3, 'Univ. Gamal Abdel Nasser', 'Université de Conakry', 1),
(4, 'Université Nongo Conakry', 'Université de Conakry', 1),
(5, 'Univ. Mercure International', 'Université de Conakry', 1),
(6, 'Université Kofi Annan', 'Université de Conakry', 1),
(7, 'Univ. Julius Nyerere', 'Université de Conakry', 1),
(8, 'ISAV Faranah', 'Université de Conakry', 1),
(9, 'Institut Supérieur des Mines', 'Université de Conakry', 1),
(10, 'Institut Supérieur des Arts', 'Université de Conakry', 1),
(11, 'Université de Labé', 'Université de Conakry', 1),
(12, 'Université de Nzérékoré', 'Université de Conakry', 1),
(13, 'ENAM', 'Université de Conakry', 1),
(14, 'ISIC Kountia', 'Université de Conakry', 1),
(15, 'Institut Supérieur de Commerce', 'Université de Conakry', 1),
(16, 'UCAO Conakry', 'Université de Conakry', 1),
(17, 'Université de Kindia', 'Université de Conakry', 2),
(18, 'Univ. Gl Lansana Conté', 'Université de Conakry', 2),
(19, 'Univ. Gamal Abdel Nasser', 'Université de Conakry', 2),
(20, 'Université Nongo Conakry', 'Université de Conakry', 2),
(21, 'Univ. Mercure International', 'Université de Conakry', 2),
(22, 'Université Kofi Annan', 'Université de Conakry', 2),
(23, 'Univ. Julius Nyerere', 'Université de Conakry', 2),
(24, 'ISAV Faranah', 'Université de Conakry', 2),
(25, 'Institut Supérieur des Mines', 'Université de Conakry', 2),
(26, 'Institut Supérieur des Arts', 'Université de Conakry', 2),
(27, 'Université de Labé', 'Université de Conakry', 2),
(28, 'Université de Nzérékoré', 'Université de Conakry', 2),
(29, 'ENAM', 'Université de Conakry', 2),
(30, 'ISIC Kountia', 'Université de Conakry', 2),
(31, 'Institut Supérieur de Commerce', 'Université de Conakry', 2),
(32, 'UCAO Conakry', 'Université de Conakry', 2),
(33, 'Université de Kindia', 'Université de Conakry', 3),
(34, 'Univ. Gl Lansana Conté', 'Université de Conakry', 3),
(35, 'Univ. Gamal Abdel Nasser', 'Université de Conakry', 3),
(36, 'Université Nongo Conakry', 'Université de Conakry', 3),
(37, 'Univ. Mercure International', 'Université de Conakry', 3),
(38, 'Université Kofi Annan', 'Université de Conakry', 3),
(39, 'Univ. Julius Nyerere', 'Université de Conakry', 3),
(40, 'ISAV Faranah', 'Université de Conakry', 3),
(41, 'Institut Supérieur des Mines', 'Université de Conakry', 3),
(42, 'Institut Supérieur des Arts', 'Université de Conakry', 3),
(43, 'Université de Labé', 'Université de Conakry', 3),
(44, 'Université de Nzérékoré', 'Université de Conakry', 3),
(45, 'ENAM', 'Université de Conakry', 3),
(46, 'ISIC Kountia', 'Université de Conakry', 3),
(47, 'Institut Supérieur de Commerce', 'Université de Conakry', 3),
(48, 'UCAO Conakry', 'Université de Conakry', 3);

-- 4. EQUIPES
INSERT INTO equipe (id, nom, faculte_id, discipline_id, edition_id) VALUES
(1, 'UK Foot', 1, 1, 1),
(2, 'Sonfonia Foot', 2, 1, 1),
(3, 'Gamal Foot', 3, 1, 1),
(4, 'UNC Foot', 4, 1, 1),
(5, 'Mercure Foot', 5, 1, 1),
(6, 'Kofi Foot', 6, 1, 1),
(7, 'Kankan Foot', 7, 1, 1),
(8, 'ISAV Foot', 8, 1, 1),
(9, 'Boké Foot', 9, 1, 1),
(10, 'Mory Kanté Foot', 10, 1, 1),
(11, 'Labé Foot', 11, 1, 1),
(12, 'NZ Foot', 12, 1, 1),
(13, 'ENAM Foot', 13, 1, 1),
(14, 'ISIC Foot', 14, 1, 1),
(15, 'ISC Foot', 15, 1, 1),
(16, 'UCAO Foot', 16, 1, 1),
(17, 'UK Basket', 1, 2, 1),
(18, 'Sonfonia Basket', 2, 2, 1),
(19, 'Gamal Basket', 3, 2, 1),
(20, 'UNC Basket', 4, 2, 1),
(21, 'Mercure Basket', 5, 2, 1),
(22, 'Kofi Basket', 6, 2, 1),
(23, 'Kankan Basket', 7, 2, 1),
(24, 'ISAV Basket', 8, 2, 1),
(25, 'Boké Basket', 9, 2, 1),
(26, 'Mory Kanté Basket', 10, 2, 1),
(27, 'Labé Basket', 11, 2, 1),
(28, 'NZ Basket', 12, 2, 1),
(29, 'ENAM Basket', 13, 2, 1),
(30, 'ISIC Basket', 14, 2, 1),
(31, 'ISC Basket', 15, 2, 1),
(32, 'UCAO Basket', 16, 2, 1),
(33, 'UK Volley', 1, 3, 1),
(34, 'Sonfonia Volley', 2, 3, 1),
(35, 'Gamal Volley', 3, 3, 1),
(36, 'UNC Volley', 4, 3, 1),
(37, 'Mercure Volley', 5, 3, 1),
(38, 'Kofi Volley', 6, 3, 1),
(39, 'Kankan Volley', 7, 3, 1),
(40, 'ISAV Volley', 8, 3, 1),
(41, 'Boké Volley', 9, 3, 1),
(42, 'Mory Kanté Volley', 10, 3, 1),
(43, 'Labé Volley', 11, 3, 1),
(44, 'NZ Volley', 12, 3, 1),
(45, 'ENAM Volley', 13, 3, 1),
(46, 'ISIC Volley', 14, 3, 1),
(47, 'ISC Volley', 15, 3, 1),
(48, 'UCAO Volley', 16, 3, 1),
(49, 'UK Hand', 1, 4, 1),
(50, 'Sonfonia Hand', 2, 4, 1),
(51, 'Gamal Hand', 3, 4, 1),
(52, 'UNC Hand', 4, 4, 1),
(53, 'Mercure Hand', 5, 4, 1),
(54, 'Kofi Hand', 6, 4, 1),
(55, 'Kankan Hand', 7, 4, 1),
(56, 'ISAV Hand', 8, 4, 1),
(57, 'Boké Hand', 9, 4, 1),
(58, 'Mory Kanté Hand', 10, 4, 1),
(59, 'Labé Hand', 11, 4, 1),
(60, 'NZ Hand', 12, 4, 1),
(61, 'ENAM Hand', 13, 4, 1),
(62, 'ISIC Hand', 14, 4, 1),
(63, 'ISC Hand', 15, 4, 1),
(64, 'UCAO Hand', 16, 4, 1),
(65, 'UK Foot', 17, 1, 2),
(66, 'Sonfonia Foot', 18, 1, 2),
(67, 'Gamal Foot', 19, 1, 2),
(68, 'UNC Foot', 20, 1, 2),
(69, 'Mercure Foot', 21, 1, 2),
(70, 'Kofi Foot', 22, 1, 2),
(71, 'Kankan Foot', 23, 1, 2),
(72, 'ISAV Foot', 24, 1, 2),
(73, 'Boké Foot', 25, 1, 2),
(74, 'Mory Kanté Foot', 26, 1, 2),
(75, 'Labé Foot', 27, 1, 2),
(76, 'NZ Foot', 28, 1, 2),
(77, 'ENAM Foot', 29, 1, 2),
(78, 'ISIC Foot', 30, 1, 2),
(79, 'ISC Foot', 31, 1, 2),
(80, 'UCAO Foot', 32, 1, 2),
(81, 'UK Basket', 17, 2, 2),
(82, 'Sonfonia Basket', 18, 2, 2),
(83, 'Gamal Basket', 19, 2, 2),
(84, 'UNC Basket', 20, 2, 2),
(85, 'Mercure Basket', 21, 2, 2),
(86, 'Kofi Basket', 22, 2, 2),
(87, 'Kankan Basket', 23, 2, 2),
(88, 'ISAV Basket', 24, 2, 2),
(89, 'Boké Basket', 25, 2, 2),
(90, 'Mory Kanté Basket', 26, 2, 2),
(91, 'Labé Basket', 27, 2, 2),
(92, 'NZ Basket', 28, 2, 2),
(93, 'ENAM Basket', 29, 2, 2),
(94, 'ISIC Basket', 30, 2, 2),
(95, 'ISC Basket', 31, 2, 2),
(96, 'UCAO Basket', 32, 2, 2),
(97, 'UK Volley', 17, 3, 2),
(98, 'Sonfonia Volley', 18, 3, 2),
(99, 'Gamal Volley', 19, 3, 2),
(100, 'UNC Volley', 20, 3, 2),
(101, 'Mercure Volley', 21, 3, 2),
(102, 'Kofi Volley', 22, 3, 2),
(103, 'Kankan Volley', 23, 3, 2),
(104, 'ISAV Volley', 24, 3, 2),
(105, 'Boké Volley', 25, 3, 2),
(106, 'Mory Kanté Volley', 26, 3, 2),
(107, 'Labé Volley', 27, 3, 2),
(108, 'NZ Volley', 28, 3, 2),
(109, 'ENAM Volley', 29, 3, 2),
(110, 'ISIC Volley', 30, 3, 2),
(111, 'ISC Volley', 31, 3, 2),
(112, 'UCAO Volley', 32, 3, 2),
(113, 'UK Hand', 17, 4, 2),
(114, 'Sonfonia Hand', 18, 4, 2),
(115, 'Gamal Hand', 19, 4, 2),
(116, 'UNC Hand', 20, 4, 2),
(117, 'Mercure Hand', 21, 4, 2),
(118, 'Kofi Hand', 22, 4, 2),
(119, 'Kankan Hand', 23, 4, 2),
(120, 'ISAV Hand', 24, 4, 2),
(121, 'Boké Hand', 25, 4, 2),
(122, 'Mory Kanté Hand', 26, 4, 2),
(123, 'Labé Hand', 27, 4, 2),
(124, 'NZ Hand', 28, 4, 2),
(125, 'ENAM Hand', 29, 4, 2),
(126, 'ISIC Hand', 30, 4, 2),
(127, 'ISC Hand', 31, 4, 2),
(128, 'UCAO Hand', 32, 4, 2),
(129, 'UK Foot', 33, 1, 3),
(130, 'Sonfonia Foot', 34, 1, 3),
(131, 'Gamal Foot', 35, 1, 3),
(132, 'UNC Foot', 36, 1, 3),
(133, 'Mercure Foot', 37, 1, 3),
(134, 'Kofi Foot', 38, 1, 3),
(135, 'Kankan Foot', 39, 1, 3),
(136, 'ISAV Foot', 40, 1, 3),
(137, 'Boké Foot', 41, 1, 3),
(138, 'Mory Kanté Foot', 42, 1, 3),
(139, 'Labé Foot', 43, 1, 3),
(140, 'NZ Foot', 44, 1, 3),
(141, 'ENAM Foot', 45, 1, 3),
(142, 'ISIC Foot', 46, 1, 3),
(143, 'ISC Foot', 47, 1, 3),
(144, 'UCAO Foot', 48, 1, 3),
(145, 'UK Basket', 33, 2, 3),
(146, 'Sonfonia Basket', 34, 2, 3),
(147, 'Gamal Basket', 35, 2, 3),
(148, 'UNC Basket', 36, 2, 3),
(149, 'Mercure Basket', 37, 2, 3),
(150, 'Kofi Basket', 38, 2, 3),
(151, 'Kankan Basket', 39, 2, 3),
(152, 'ISAV Basket', 40, 2, 3),
(153, 'Boké Basket', 41, 2, 3),
(154, 'Mory Kanté Basket', 42, 2, 3),
(155, 'Labé Basket', 43, 2, 3),
(156, 'NZ Basket', 44, 2, 3),
(157, 'ENAM Basket', 45, 2, 3),
(158, 'ISIC Basket', 46, 2, 3),
(159, 'ISC Basket', 47, 2, 3),
(160, 'UCAO Basket', 48, 2, 3),
(161, 'UK Volley', 33, 3, 3),
(162, 'Sonfonia Volley', 34, 3, 3),
(163, 'Gamal Volley', 35, 3, 3),
(164, 'UNC Volley', 36, 3, 3),
(165, 'Mercure Volley', 37, 3, 3),
(166, 'Kofi Volley', 38, 3, 3),
(167, 'Kankan Volley', 39, 3, 3),
(168, 'ISAV Volley', 40, 3, 3),
(169, 'Boké Volley', 41, 3, 3),
(170, 'Mory Kanté Volley', 42, 3, 3),
(171, 'Labé Volley', 43, 3, 3),
(172, 'NZ Volley', 44, 3, 3),
(173, 'ENAM Volley', 45, 3, 3),
(174, 'ISIC Volley', 46, 3, 3),
(175, 'ISC Volley', 47, 3, 3),
(176, 'UCAO Volley', 48, 3, 3),
(177, 'UK Hand', 33, 4, 3),
(178, 'Sonfonia Hand', 34, 4, 3),
(179, 'Gamal Hand', 35, 4, 3),
(180, 'UNC Hand', 36, 4, 3),
(181, 'Mercure Hand', 37, 4, 3),
(182, 'Kofi Hand', 38, 4, 3),
(183, 'Kankan Hand', 39, 4, 3),
(184, 'ISAV Hand', 40, 4, 3),
(185, 'Boké Hand', 41, 4, 3),
(186, 'Mory Kanté Hand', 42, 4, 3),
(187, 'Labé Hand', 43, 4, 3),
(188, 'NZ Hand', 44, 4, 3),
(189, 'ENAM Hand', 45, 4, 3),
(190, 'ISIC Hand', 46, 4, 3),
(191, 'ISC Hand', 47, 4, 3),
(192, 'UCAO Hand', 48, 4, 3);

-- 5. JOUEURS
INSERT INTO joueur (nom, prenom, sexe, numero, equipe_id) VALUES
('Keita', 'I.', 'M', 1, 1),
('Barry', 'F.', 'M', 8, 1),
('Traore', 'A.', 'M', 4, 1),
('Keita', 'Z.', 'F', 18, 2),
('Camara', 'B.', 'F', 14, 2),
('Diallo', 'M.', 'F', 3, 2),
('Traore', 'S.', 'M', 17, 3),
('Bah', 'M.', 'M', 18, 3),
('Traore', 'Z.', 'M', 18, 3),
('Kouyate', 'S.', 'F', 15, 4),
('Bah', 'F.', 'F', 1, 4),
('Sow', 'Z.', 'F', 14, 4),
('Bangoura', 'F.', 'M', 5, 5),
('Traore', 'L.', 'M', 4, 5),
('Camara', 'O.', 'M', 4, 5),
('Bangoura', 'L.', 'F', 20, 6),
('Sylla', 'M.', 'F', 15, 6),
('Doumbouya', 'I.', 'F', 13, 6),
('Camara', 'K.', 'M', 10, 7),
('Keita', 'B.', 'M', 12, 7),
('Bah', 'S.', 'M', 3, 7),
('Diallo', 'H.', 'F', 8, 8),
('Sylla', 'I.', 'F', 8, 8),
('Camara', 'O.', 'F', 9, 8),
('Sidibe', 'H.', 'M', 12, 9),
('Sow', 'L.', 'M', 12, 9),
('Traore', 'H.', 'M', 9, 9),
('Barry', 'H.', 'F', 3, 10),
('Bah', 'H.', 'F', 6, 10),
('Doumbouya', 'Z.', 'F', 8, 10),
('Sow', 'J.', 'M', 13, 11),
('Sylla', 'H.', 'M', 18, 11),
('Traore', 'H.', 'M', 11, 11),
('Diallo', 'S.', 'F', 2, 12),
('Bangoura', 'O.', 'F', 9, 12),
('Camara', 'S.', 'F', 19, 12),
('Barry', 'L.', 'M', 7, 13),
('Keita', 'J.', 'M', 13, 13),
('Keita', 'J.', 'M', 5, 13),
('Sylla', 'A.', 'F', 8, 14),
('Barry', 'K.', 'F', 18, 14),
('Sylla', 'Z.', 'F', 19, 14),
('Kouyate', 'B.', 'M', 13, 15),
('Bangoura', 'S.', 'M', 5, 15),
('Doumbouya', 'J.', 'M', 3, 15),
('Diallo', 'I.', 'F', 5, 16),
('Keita', 'A.', 'F', 14, 16),
('Bah', 'I.', 'F', 13, 16),
('Kouyate', 'B.', 'M', 15, 17),
('Doumbouya', 'F.', 'M', 18, 17),
('Diallo', 'H.', 'M', 4, 17),
('Keita', 'K.', 'F', 9, 18),
('Keita', 'L.', 'F', 4, 18),
('Sylla', 'O.', 'F', 6, 18),
('Sidibe', 'M.', 'M', 9, 19),
('Doumbouya', 'A.', 'M', 17, 19),
('Camara', 'H.', 'M', 10, 19),
('Keita', 'K.', 'F', 20, 20),
('Traore', 'A.', 'F', 12, 20),
('Sow', 'K.', 'F', 17, 20),
('Diallo', 'B.', 'M', 11, 21),
('Sidibe', 'M.', 'M', 4, 21),
('Bangoura', 'F.', 'M', 8, 21),
('Diallo', 'S.', 'F', 19, 22),
('Camara', 'I.', 'F', 16, 22),
('Camara', 'K.', 'F', 5, 22),
('Sow', 'H.', 'M', 16, 23),
('Doumbouya', 'A.', 'M', 9, 23),
('Doumbouya', 'B.', 'M', 14, 23),
('Traore', 'K.', 'F', 7, 24),
('Barry', 'F.', 'F', 13, 24),
('Keita', 'H.', 'F', 12, 24),
('Sidibe', 'K.', 'M', 15, 25),
('Camara', 'S.', 'M', 8, 25),
('Camara', 'L.', 'M', 1, 25),
('Bah', 'K.', 'F', 8, 26),
('Bah', 'S.', 'F', 1, 26),
('Camara', 'Z.', 'F', 2, 26),
('Traore', 'I.', 'M', 2, 27),
('Bangoura', 'I.', 'M', 17, 27),
('Traore', 'F.', 'M', 16, 27),
('Traore', 'K.', 'F', 5, 28),
('Barry', 'B.', 'F', 19, 28),
('Sidibe', 'S.', 'F', 16, 28),
('Kouyate', 'S.', 'M', 4, 29),
('Camara', 'H.', 'M', 14, 29),
('Bangoura', 'O.', 'M', 14, 29),
('Sidibe', 'Z.', 'F', 2, 30),
('Keita', 'H.', 'F', 4, 30),
('Diallo', 'O.', 'F', 11, 30),
('Camara', 'S.', 'M', 7, 31),
('Traore', 'K.', 'M', 15, 31),
('Sow', 'O.', 'M', 6, 31),
('Sylla', 'J.', 'F', 8, 32),
('Camara', 'J.', 'F', 18, 32),
('Camara', 'M.', 'F', 18, 32),
('Diallo', 'I.', 'M', 8, 33),
('Sow', 'O.', 'M', 16, 33),
('Sidibe', 'S.', 'M', 13, 33),
('Diallo', 'A.', 'F', 13, 34),
('Diallo', 'O.', 'F', 9, 34),
('Sidibe', 'F.', 'F', 14, 34),
('Barry', 'Z.', 'M', 18, 35),
('Keita', 'Z.', 'M', 16, 35),
('Sow', 'S.', 'M', 10, 35),
('Traore', 'M.', 'F', 19, 36),
('Barry', 'K.', 'F', 2, 36),
('Barry', 'L.', 'F', 2, 36),
('Diallo', 'B.', 'M', 16, 37),
('Doumbouya', 'K.', 'M', 6, 37),
('Diallo', 'K.', 'M', 3, 37),
('Sow', 'I.', 'F', 20, 38),
('Camara', 'H.', 'F', 8, 38),
('Kouyate', 'I.', 'F', 19, 38),
('Traore', 'B.', 'M', 20, 39),
('Diallo', 'B.', 'M', 3, 39),
('Kouyate', 'H.', 'M', 19, 39),
('Bah', 'K.', 'F', 11, 40),
('Sylla', 'S.', 'F', 11, 40),
('Traore', 'F.', 'F', 13, 40),
('Sow', 'H.', 'M', 10, 41),
('Sidibe', 'L.', 'M', 3, 41),
('Diallo', 'J.', 'M', 20, 41),
('Bah', 'I.', 'F', 3, 42),
('Doumbouya', 'S.', 'F', 17, 42),
('Sylla', 'A.', 'F', 12, 42),
('Camara', 'S.', 'M', 12, 43),
('Sylla', 'A.', 'M', 15, 43),
('Doumbouya', 'Z.', 'M', 10, 43),
('Bah', 'H.', 'F', 17, 44),
('Diallo', 'H.', 'F', 18, 44),
('Sylla', 'H.', 'F', 4, 44),
('Sow', 'F.', 'M', 4, 45),
('Camara', 'Z.', 'M', 18, 45),
('Sow', 'F.', 'M', 10, 45),
('Bah', 'S.', 'F', 11, 46),
('Traore', 'H.', 'F', 9, 46),
('Doumbouya', 'J.', 'F', 9, 46),
('Diallo', 'I.', 'M', 14, 47),
('Sylla', 'M.', 'M', 1, 47),
('Bangoura', 'A.', 'M', 9, 47),
('Sow', 'Z.', 'F', 15, 48),
('Doumbouya', 'Z.', 'F', 14, 48),
('Doumbouya', 'M.', 'F', 4, 48),
('Camara', 'Z.', 'M', 5, 49),
('Doumbouya', 'M.', 'M', 12, 49),
('Bah', 'K.', 'M', 5, 49),
('Kouyate', 'A.', 'F', 2, 50),
('Sylla', 'L.', 'F', 2, 50),
('Bangoura', 'S.', 'F', 8, 50),
('Keita', 'I.', 'M', 12, 51),
('Doumbouya', 'O.', 'M', 20, 51),
('Barry', 'A.', 'M', 8, 51),
('Sow', 'A.', 'F', 14, 52),
('Diallo', 'A.', 'F', 11, 52),
('Kouyate', 'H.', 'F', 8, 52),
('Sylla', 'A.', 'M', 4, 53),
('Kouyate', 'M.', 'M', 16, 53),
('Traore', 'S.', 'M', 15, 53),
('Bangoura', 'F.', 'F', 8, 54),
('Traore', 'M.', 'F', 7, 54),
('Kouyate', 'L.', 'F', 9, 54),
('Camara', 'F.', 'M', 12, 55),
('Keita', 'K.', 'M', 13, 55),
('Keita', 'K.', 'M', 11, 55),
('Diallo', 'I.', 'F', 9, 56),
('Sow', 'B.', 'F', 9, 56),
('Diallo', 'I.', 'F', 20, 56),
('Kouyate', 'L.', 'M', 11, 57),
('Kouyate', 'B.', 'M', 17, 57),
('Camara', 'O.', 'M', 19, 57),
('Traore', 'F.', 'F', 2, 58),
('Barry', 'O.', 'F', 1, 58),
('Doumbouya', 'K.', 'F', 7, 58),
('Bangoura', 'O.', 'M', 3, 59),
('Keita', 'L.', 'M', 20, 59),
('Bangoura', 'H.', 'M', 4, 59),
('Barry', 'F.', 'F', 17, 60),
('Sylla', 'H.', 'F', 14, 60),
('Bangoura', 'O.', 'F', 10, 60),
('Doumbouya', 'A.', 'M', 7, 61),
('Kouyate', 'H.', 'M', 13, 61),
('Keita', 'Z.', 'M', 6, 61),
('Bah', 'B.', 'F', 10, 62),
('Kouyate', 'K.', 'F', 1, 62),
('Sylla', 'F.', 'F', 7, 62),
('Kouyate', 'B.', 'M', 20, 63),
('Keita', 'L.', 'M', 15, 63),
('Sidibe', 'J.', 'M', 7, 63),
('Doumbouya', 'J.', 'F', 6, 64),
('Keita', 'I.', 'F', 10, 64),
('Doumbouya', 'H.', 'F', 20, 64),
('Bangoura', 'I.', 'M', 8, 65),
('Keita', 'F.', 'M', 8, 65),
('Traore', 'A.', 'M', 1, 65),
('Diallo', 'S.', 'F', 16, 66),
('Bah', 'I.', 'F', 15, 66),
('Kouyate', 'H.', 'F', 19, 66),
('Traore', 'Z.', 'M', 13, 67),
('Sidibe', 'O.', 'M', 8, 67),
('Sow', 'H.', 'M', 1, 67),
('Camara', 'O.', 'F', 8, 68),
('Sow', 'Z.', 'F', 17, 68),
('Sidibe', 'M.', 'F', 18, 68),
('Traore', 'I.', 'M', 15, 69),
('Sow', 'J.', 'M', 17, 69),
('Doumbouya', 'B.', 'M', 11, 69),
('Sidibe', 'B.', 'F', 17, 70),
('Kouyate', 'K.', 'F', 15, 70),
('Sow', 'Z.', 'F', 16, 70),
('Sidibe', 'F.', 'M', 8, 71),
('Keita', 'F.', 'M', 17, 71),
('Sidibe', 'H.', 'M', 8, 71),
('Sylla', 'J.', 'F', 3, 72),
('Barry', 'F.', 'F', 8, 72),
('Sylla', 'L.', 'F', 11, 72),
('Doumbouya', 'I.', 'M', 5, 73),
('Sow', 'S.', 'M', 13, 73),
('Barry', 'A.', 'M', 7, 73),
('Camara', 'O.', 'F', 14, 74),
('Bangoura', 'K.', 'F', 15, 74),
('Kouyate', 'M.', 'F', 7, 74),
('Kouyate', 'O.', 'M', 19, 75),
('Barry', 'M.', 'M', 19, 75),
('Kouyate', 'J.', 'M', 1, 75),
('Bangoura', 'F.', 'F', 13, 76),
('Kouyate', 'K.', 'F', 18, 76),
('Bah', 'S.', 'F', 16, 76),
('Traore', 'F.', 'M', 14, 77),
('Sidibe', 'M.', 'M', 13, 77),
('Bangoura', 'H.', 'M', 13, 77),
('Barry', 'A.', 'F', 15, 78),
('Sow', 'B.', 'F', 18, 78),
('Diallo', 'O.', 'F', 19, 78),
('Bah', 'H.', 'M', 1, 79),
('Camara', 'H.', 'M', 14, 79),
('Sow', 'J.', 'M', 6, 79),
('Diallo', 'F.', 'F', 13, 80),
('Bangoura', 'S.', 'F', 15, 80),
('Bangoura', 'L.', 'F', 13, 80),
('Sylla', 'O.', 'M', 9, 81),
('Camara', 'J.', 'M', 1, 81),
('Barry', 'K.', 'M', 2, 81),
('Bangoura', 'S.', 'F', 3, 82),
('Keita', 'M.', 'F', 1, 82),
('Traore', 'S.', 'F', 1, 82),
('Bah', 'A.', 'M', 8, 83),
('Sow', 'J.', 'M', 4, 83),
('Bah', 'S.', 'M', 15, 83),
('Barry', 'F.', 'F', 12, 84),
('Sow', 'B.', 'F', 20, 84),
('Barry', 'Z.', 'F', 4, 84),
('Sow', 'F.', 'M', 4, 85),
('Bah', 'M.', 'M', 10, 85),
('Bah', 'H.', 'M', 13, 85),
('Kouyate', 'Z.', 'F', 7, 86),
('Camara', 'B.', 'F', 8, 86),
('Camara', 'Z.', 'F', 10, 86),
('Keita', 'B.', 'M', 4, 87),
('Bah', 'M.', 'M', 12, 87),
('Doumbouya', 'O.', 'M', 12, 87),
('Camara', 'K.', 'F', 11, 88),
('Diallo', 'O.', 'F', 16, 88),
('Camara', 'O.', 'F', 12, 88),
('Keita', 'J.', 'M', 5, 89),
('Kouyate', 'A.', 'M', 17, 89),
('Keita', 'F.', 'M', 20, 89),
('Doumbouya', 'J.', 'F', 15, 90),
('Kouyate', 'Z.', 'F', 19, 90),
('Sylla', 'L.', 'F', 8, 90),
('Camara', 'F.', 'M', 15, 91),
('Traore', 'J.', 'M', 19, 91),
('Bah', 'H.', 'M', 13, 91),
('Bangoura', 'M.', 'F', 16, 92),
('Bangoura', 'A.', 'F', 16, 92),
('Traore', 'L.', 'F', 9, 92),
('Bangoura', 'F.', 'M', 20, 93),
('Barry', 'F.', 'M', 18, 93),
('Diallo', 'K.', 'M', 7, 93),
('Camara', 'S.', 'F', 14, 94),
('Sidibe', 'K.', 'F', 8, 94),
('Barry', 'J.', 'F', 16, 94),
('Sidibe', 'M.', 'M', 3, 95),
('Sylla', 'S.', 'M', 13, 95),
('Barry', 'S.', 'M', 10, 95),
('Keita', 'B.', 'F', 12, 96),
('Sidibe', 'K.', 'F', 17, 96),
('Bangoura', 'O.', 'F', 18, 96),
('Bangoura', 'L.', 'M', 15, 97),
('Sylla', 'F.', 'M', 9, 97),
('Traore', 'I.', 'M', 7, 97),
('Bangoura', 'I.', 'F', 18, 98),
('Barry', 'A.', 'F', 7, 98),
('Traore', 'Z.', 'F', 16, 98),
('Sylla', 'Z.', 'M', 19, 99),
('Doumbouya', 'B.', 'M', 10, 99),
('Camara', 'S.', 'M', 10, 99),
('Traore', 'L.', 'F', 6, 100),
('Sylla', 'M.', 'F', 18, 100),
('Sow', 'F.', 'F', 2, 100),
('Diallo', 'K.', 'M', 10, 101),
('Barry', 'A.', 'M', 16, 101),
('Camara', 'M.', 'M', 19, 101),
('Sylla', 'J.', 'F', 16, 102),
('Sidibe', 'L.', 'F', 6, 102),
('Diallo', 'F.', 'F', 16, 102),
('Camara', 'I.', 'M', 13, 103),
('Sidibe', 'I.', 'M', 19, 103),
('Keita', 'H.', 'M', 2, 103),
('Sow', 'A.', 'F', 19, 104),
('Sylla', 'I.', 'F', 8, 104),
('Camara', 'K.', 'F', 14, 104),
('Bah', 'B.', 'M', 20, 105),
('Traore', 'K.', 'M', 13, 105),
('Sidibe', 'J.', 'M', 10, 105),
('Bah', 'O.', 'F', 10, 106),
('Bah', 'B.', 'F', 2, 106),
('Bah', 'Z.', 'F', 4, 106),
('Traore', 'H.', 'M', 7, 107),
('Sylla', 'H.', 'M', 3, 107),
('Sow', 'S.', 'M', 6, 107),
('Doumbouya', 'I.', 'F', 6, 108),
('Diallo', 'O.', 'F', 15, 108),
('Barry', 'B.', 'F', 16, 108),
('Sylla', 'M.', 'M', 8, 109),
('Sylla', 'Z.', 'M', 10, 109),
('Barry', 'J.', 'M', 3, 109),
('Keita', 'S.', 'F', 9, 110),
('Keita', 'B.', 'F', 7, 110),
('Kouyate', 'I.', 'F', 18, 110),
('Traore', 'H.', 'M', 5, 111),
('Sylla', 'A.', 'M', 3, 111),
('Diallo', 'A.', 'M', 10, 111),
('Bah', 'Z.', 'F', 19, 112),
('Sylla', 'J.', 'F', 4, 112),
('Sidibe', 'Z.', 'F', 10, 112),
('Barry', 'O.', 'M', 9, 113),
('Doumbouya', 'K.', 'M', 16, 113),
('Sidibe', 'I.', 'M', 20, 113),
('Diallo', 'O.', 'F', 11, 114),
('Bah', 'F.', 'F', 1, 114),
('Camara', 'S.', 'F', 19, 114),
('Bah', 'M.', 'M', 9, 115),
('Bah', 'M.', 'M', 6, 115),
('Sidibe', 'K.', 'M', 15, 115),
('Sylla', 'A.', 'F', 19, 116),
('Kouyate', 'H.', 'F', 16, 116),
('Camara', 'J.', 'F', 12, 116),
('Kouyate', 'L.', 'M', 11, 117),
('Keita', 'I.', 'M', 6, 117),
('Bangoura', 'O.', 'M', 16, 117),
('Sylla', 'H.', 'F', 13, 118),
('Doumbouya', 'M.', 'F', 15, 118),
('Camara', 'L.', 'F', 9, 118),
('Bangoura', 'I.', 'M', 13, 119),
('Doumbouya', 'M.', 'M', 18, 119),
('Sidibe', 'O.', 'M', 2, 119),
('Traore', 'K.', 'F', 12, 120),
('Bah', 'J.', 'F', 15, 120),
('Diallo', 'S.', 'F', 9, 120),
('Doumbouya', 'A.', 'M', 10, 121),
('Sidibe', 'Z.', 'M', 16, 121),
('Camara', 'M.', 'M', 20, 121),
('Traore', 'Z.', 'F', 6, 122),
('Sylla', 'K.', 'F', 1, 122),
('Doumbouya', 'O.', 'F', 3, 122),
('Traore', 'I.', 'M', 15, 123),
('Camara', 'H.', 'M', 5, 123),
('Sidibe', 'Z.', 'M', 10, 123),
('Doumbouya', 'Z.', 'F', 9, 124),
('Kouyate', 'J.', 'F', 16, 124),
('Traore', 'J.', 'F', 18, 124),
('Sow', 'O.', 'M', 7, 125),
('Bah', 'K.', 'M', 5, 125),
('Camara', 'F.', 'M', 14, 125),
('Bangoura', 'K.', 'F', 9, 126),
('Diallo', 'F.', 'F', 10, 126),
('Bah', 'B.', 'F', 16, 126),
('Sow', 'J.', 'M', 18, 127),
('Sidibe', 'L.', 'M', 11, 127),
('Doumbouya', 'K.', 'M', 13, 127),
('Sidibe', 'L.', 'F', 7, 128),
('Barry', 'S.', 'F', 19, 128),
('Kouyate', 'S.', 'F', 14, 128),
('Diallo', 'L.', 'M', 16, 129),
('Barry', 'O.', 'M', 13, 129),
('Keita', 'H.', 'M', 5, 129),
('Sidibe', 'M.', 'F', 5, 130),
('Doumbouya', 'B.', 'F', 11, 130),
('Camara', 'J.', 'F', 4, 130),
('Doumbouya', 'J.', 'M', 1, 131),
('Barry', 'A.', 'M', 14, 131),
('Keita', 'A.', 'M', 3, 131),
('Sidibe', 'F.', 'F', 11, 132),
('Bah', 'Z.', 'F', 13, 132),
('Keita', 'I.', 'F', 11, 132),
('Keita', 'K.', 'M', 13, 133),
('Bangoura', 'H.', 'M', 16, 133),
('Doumbouya', 'M.', 'M', 20, 133),
('Camara', 'S.', 'F', 10, 134),
('Traore', 'Z.', 'F', 3, 134),
('Kouyate', 'I.', 'F', 4, 134),
('Sidibe', 'A.', 'M', 10, 135),
('Diallo', 'M.', 'M', 11, 135),
('Diallo', 'F.', 'M', 12, 135),
('Bangoura', 'O.', 'F', 5, 136),
('Traore', 'K.', 'F', 14, 136),
('Bah', 'H.', 'F', 6, 136),
('Sow', 'A.', 'M', 3, 137),
('Bah', 'O.', 'M', 20, 137),
('Keita', 'S.', 'M', 16, 137),
('Bah', 'A.', 'F', 8, 138),
('Sidibe', 'H.', 'F', 9, 138),
('Sidibe', 'F.', 'F', 1, 138),
('Sidibe', 'F.', 'M', 18, 139),
('Sow', 'I.', 'M', 15, 139),
('Bangoura', 'B.', 'M', 10, 139),
('Keita', 'O.', 'F', 9, 140),
('Sidibe', 'F.', 'F', 7, 140),
('Kouyate', 'J.', 'F', 4, 140),
('Traore', 'O.', 'M', 19, 141),
('Bangoura', 'B.', 'M', 10, 141),
('Barry', 'F.', 'M', 1, 141),
('Keita', 'O.', 'F', 9, 142),
('Diallo', 'B.', 'F', 2, 142),
('Bah', 'Z.', 'F', 16, 142),
('Sylla', 'S.', 'M', 20, 143),
('Bangoura', 'S.', 'M', 7, 143),
('Bah', 'F.', 'M', 5, 143),
('Keita', 'I.', 'F', 2, 144),
('Sylla', 'J.', 'F', 2, 144),
('Bah', 'L.', 'F', 5, 144),
('Camara', 'F.', 'M', 11, 145),
('Barry', 'O.', 'M', 6, 145),
('Traore', 'A.', 'M', 18, 145),
('Bangoura', 'K.', 'F', 17, 146),
('Sylla', 'A.', 'F', 9, 146),
('Sidibe', 'F.', 'F', 11, 146),
('Camara', 'J.', 'M', 3, 147),
('Sow', 'S.', 'M', 13, 147),
('Doumbouya', 'L.', 'M', 3, 147),
('Kouyate', 'M.', 'F', 9, 148),
('Doumbouya', 'I.', 'F', 15, 148),
('Bangoura', 'H.', 'F', 9, 148),
('Bah', 'O.', 'M', 12, 149),
('Camara', 'H.', 'M', 8, 149),
('Sidibe', 'M.', 'M', 20, 149),
('Doumbouya', 'L.', 'F', 20, 150),
('Traore', 'H.', 'F', 3, 150),
('Keita', 'J.', 'F', 10, 150),
('Keita', 'O.', 'M', 4, 151),
('Sow', 'M.', 'M', 2, 151),
('Sylla', 'J.', 'M', 4, 151),
('Camara', 'S.', 'F', 18, 152),
('Sow', 'O.', 'F', 15, 152),
('Bangoura', 'H.', 'F', 18, 152),
('Kouyate', 'B.', 'M', 5, 153),
('Kouyate', 'H.', 'M', 4, 153),
('Sidibe', 'B.', 'M', 14, 153),
('Sylla', 'M.', 'F', 12, 154),
('Traore', 'J.', 'F', 15, 154),
('Traore', 'L.', 'F', 4, 154),
('Keita', 'L.', 'M', 18, 155),
('Keita', 'L.', 'M', 2, 155),
('Kouyate', 'F.', 'M', 7, 155),
('Camara', 'J.', 'F', 3, 156),
('Keita', 'S.', 'F', 20, 156),
('Diallo', 'M.', 'F', 11, 156),
('Traore', 'A.', 'M', 19, 157),
('Traore', 'I.', 'M', 18, 157),
('Traore', 'B.', 'M', 7, 157),
('Traore', 'L.', 'F', 5, 158),
('Bah', 'M.', 'F', 9, 158),
('Sow', 'A.', 'F', 18, 158),
('Sylla', 'A.', 'M', 4, 159),
('Keita', 'M.', 'M', 5, 159),
('Diallo', 'L.', 'M', 8, 159),
('Bah', 'L.', 'F', 1, 160),
('Sow', 'F.', 'F', 2, 160),
('Sow', 'Z.', 'F', 14, 160),
('Doumbouya', 'I.', 'M', 3, 161),
('Sidibe', 'J.', 'M', 12, 161),
('Doumbouya', 'B.', 'M', 4, 161),
('Sidibe', 'K.', 'F', 8, 162),
('Bah', 'M.', 'F', 17, 162),
('Sylla', 'J.', 'F', 1, 162),
('Diallo', 'J.', 'M', 13, 163),
('Kouyate', 'H.', 'M', 4, 163),
('Sidibe', 'Z.', 'M', 15, 163),
('Camara', 'I.', 'F', 11, 164),
('Bah', 'A.', 'F', 3, 164),
('Sow', 'F.', 'F', 20, 164),
('Keita', 'B.', 'M', 18, 165),
('Barry', 'L.', 'M', 13, 165),
('Bah', 'K.', 'M', 10, 165),
('Sidibe', 'K.', 'F', 20, 166),
('Kouyate', 'I.', 'F', 4, 166),
('Keita', 'H.', 'F', 18, 166),
('Barry', 'S.', 'M', 14, 167),
('Sidibe', 'S.', 'M', 14, 167),
('Bangoura', 'J.', 'M', 13, 167),
('Kouyate', 'Z.', 'F', 4, 168),
('Bangoura', 'O.', 'F', 11, 168),
('Keita', 'F.', 'F', 12, 168),
('Sow', 'H.', 'M', 16, 169),
('Camara', 'I.', 'M', 3, 169),
('Camara', 'O.', 'M', 4, 169),
('Barry', 'Z.', 'F', 12, 170),
('Sow', 'K.', 'F', 2, 170),
('Bah', 'K.', 'F', 18, 170),
('Bangoura', 'H.', 'M', 4, 171),
('Kouyate', 'L.', 'M', 14, 171),
('Barry', 'M.', 'M', 10, 171),
('Bah', 'F.', 'F', 12, 172),
('Camara', 'B.', 'F', 17, 172),
('Traore', 'A.', 'F', 16, 172),
('Traore', 'I.', 'M', 12, 173),
('Doumbouya', 'L.', 'M', 4, 173),
('Sylla', 'B.', 'M', 8, 173),
('Kouyate', 'K.', 'F', 20, 174),
('Bah', 'H.', 'F', 18, 174),
('Diallo', 'B.', 'F', 9, 174),
('Diallo', 'A.', 'M', 9, 175),
('Barry', 'F.', 'M', 11, 175),
('Bangoura', 'M.', 'M', 6, 175),
('Sow', 'B.', 'F', 13, 176),
('Camara', 'A.', 'F', 1, 176),
('Camara', 'Z.', 'F', 17, 176),
('Traore', 'O.', 'M', 14, 177),
('Sidibe', 'L.', 'M', 6, 177),
('Bangoura', 'F.', 'M', 11, 177),
('Bah', 'B.', 'F', 3, 178),
('Diallo', 'A.', 'F', 6, 178),
('Bah', 'M.', 'F', 3, 178),
('Sylla', 'J.', 'M', 14, 179),
('Sidibe', 'B.', 'M', 15, 179),
('Kouyate', 'F.', 'M', 7, 179),
('Doumbouya', 'I.', 'F', 12, 180),
('Kouyate', 'I.', 'F', 10, 180),
('Keita', 'H.', 'F', 19, 180),
('Sidibe', 'K.', 'M', 10, 181),
('Diallo', 'S.', 'M', 13, 181),
('Bah', 'M.', 'M', 1, 181),
('Traore', 'F.', 'F', 7, 182),
('Sow', 'F.', 'F', 10, 182),
('Bangoura', 'I.', 'F', 1, 182),
('Sidibe', 'Z.', 'M', 14, 183),
('Sow', 'A.', 'M', 13, 183),
('Doumbouya', 'Z.', 'M', 8, 183),
('Doumbouya', 'K.', 'F', 12, 184),
('Camara', 'O.', 'F', 2, 184),
('Kouyate', 'M.', 'F', 15, 184),
('Camara', 'L.', 'M', 19, 185),
('Kouyate', 'B.', 'M', 13, 185),
('Barry', 'H.', 'M', 14, 185),
('Sylla', 'I.', 'F', 13, 186),
('Diallo', 'L.', 'F', 6, 186),
('Bah', 'J.', 'F', 12, 186),
('Camara', 'O.', 'M', 4, 187),
('Traore', 'O.', 'M', 19, 187),
('Kouyate', 'K.', 'M', 3, 187),
('Kouyate', 'F.', 'F', 11, 188),
('Traore', 'L.', 'F', 6, 188),
('Camara', 'K.', 'F', 4, 188),
('Doumbouya', 'K.', 'M', 7, 189),
('Bangoura', 'L.', 'M', 5, 189),
('Traore', 'I.', 'M', 5, 189),
('Sylla', 'S.', 'F', 6, 190),
('Bah', 'A.', 'F', 3, 190),
('Sow', 'H.', 'F', 16, 190),
('Sidibe', 'B.', 'M', 19, 191),
('Sidibe', 'H.', 'M', 19, 191),
('Keita', 'H.', 'M', 20, 191),
('Bangoura', 'H.', 'F', 11, 192),
('Sow', 'J.', 'F', 3, 192),
('Sidibe', 'J.', 'F', 10, 192);

-- 6. MATCHS
INSERT INTO matchs (date_match, lieu, phase, score_a, score_b, statut, buteurs, equipe_a_id, equipe_b_id, discipline_id, edition_id) VALUES
('2024-05-01 10:00:00', 'Stade/Gymnase', 'Poules', 3, 0, 'joue', '{"equipe_a": [{"id": 1, "nb_buts": 3}], "equipe_b": []}', 1, 2, 1, 1),
('2024-05-01 10:00:00', 'Stade/Gymnase', 'Poules', 1, 4, 'joue', '{"equipe_a": [{"id": 7, "nb_buts": 1}], "equipe_b": [{"id": 10, "nb_buts": 4}]}', 3, 4, 1, 1),
('2024-05-01 10:00:00', 'Stade/Gymnase', 'Poules', 2, 1, 'joue', '{"equipe_a": [{"id": 13, "nb_buts": 2}], "equipe_b": [{"id": 16, "nb_buts": 1}]}', 5, 6, 1, 1),
('2024-05-01 10:00:00', 'Stade/Gymnase', 'Poules', 1, 3, 'joue', '{"equipe_a": [{"id": 19, "nb_buts": 1}], "equipe_b": [{"id": 22, "nb_buts": 3}]}', 7, 8, 1, 1),
('2024-05-01 10:00:00', 'Stade/Gymnase', 'Poules', 2, 0, 'joue', '{"equipe_a": [{"id": 25, "nb_buts": 2}], "equipe_b": []}', 9, 10, 1, 1),
('2024-05-01 10:00:00', 'Stade/Gymnase', 'Poules', 1, 3, 'joue', '{"equipe_a": [{"id": 31, "nb_buts": 1}], "equipe_b": [{"id": 34, "nb_buts": 3}]}', 11, 12, 1, 1),
('2024-05-01 10:00:00', 'Stade/Gymnase', 'Poules', 2, 0, 'joue', '{"equipe_a": [{"id": 37, "nb_buts": 2}], "equipe_b": []}', 13, 14, 1, 1),
('2024-05-01 10:00:00', 'Stade/Gymnase', 'Poules', 1, 3, 'joue', '{"equipe_a": [{"id": 43, "nb_buts": 1}], "equipe_b": [{"id": 46, "nb_buts": 3}]}', 15, 16, 1, 1),
('2024-05-05 10:00:00', 'Stade/Gymnase', '8e de finale', 4, 0, 'joue', '{"equipe_a": [{"id": 1, "nb_buts": 4}], "equipe_b": []}', 1, 2, 1, 1),
('2024-05-05 10:00:00', 'Stade/Gymnase', '8e de finale', 1, 4, 'joue', '{"equipe_a": [{"id": 7, "nb_buts": 1}], "equipe_b": [{"id": 10, "nb_buts": 4}]}', 3, 4, 1, 1),
('2024-05-05 10:00:00', 'Stade/Gymnase', '8e de finale', 4, 0, 'joue', '{"equipe_a": [{"id": 13, "nb_buts": 4}], "equipe_b": []}', 5, 6, 1, 1),
('2024-05-05 10:00:00', 'Stade/Gymnase', '8e de finale', 1, 4, 'joue', '{"equipe_a": [{"id": 19, "nb_buts": 1}], "equipe_b": [{"id": 22, "nb_buts": 4}]}', 7, 8, 1, 1),
('2024-05-05 10:00:00', 'Stade/Gymnase', '8e de finale', 3, 0, 'joue', '{"equipe_a": [{"id": 25, "nb_buts": 3}], "equipe_b": []}', 9, 10, 1, 1),
('2024-05-05 10:00:00', 'Stade/Gymnase', '8e de finale', 0, 3, 'joue', '{"equipe_a": [], "equipe_b": [{"id": 34, "nb_buts": 3}]}', 11, 12, 1, 1),
('2024-05-05 10:00:00', 'Stade/Gymnase', '8e de finale', 2, 1, 'joue', '{"equipe_a": [{"id": 37, "nb_buts": 2}], "equipe_b": [{"id": 40, "nb_buts": 1}]}', 13, 14, 1, 1),
('2024-05-05 10:00:00', 'Stade/Gymnase', '8e de finale', 0, 4, 'joue', '{"equipe_a": [], "equipe_b": [{"id": 46, "nb_buts": 4}]}', 15, 16, 1, 1),
('2024-05-08 14:00:00', 'Stade/Gymnase', 'Quart de finale', 4, 0, 'joue', '{"equipe_a": [{"id": 1, "nb_buts": 4}], "equipe_b": []}', 1, 4, 1, 1),
('2024-05-08 14:00:00', 'Stade/Gymnase', 'Quart de finale', 0, 2, 'joue', '{"equipe_a": [], "equipe_b": [{"id": 22, "nb_buts": 2}]}', 5, 8, 1, 1),
('2024-05-08 14:00:00', 'Stade/Gymnase', 'Quart de finale', 4, 1, 'joue', '{"equipe_a": [{"id": 25, "nb_buts": 4}], "equipe_b": [{"id": 34, "nb_buts": 1}]}', 9, 12, 1, 1),
('2024-05-08 14:00:00', 'Stade/Gymnase', 'Quart de finale', 1, 4, 'joue', '{"equipe_a": [{"id": 37, "nb_buts": 1}], "equipe_b": [{"id": 46, "nb_buts": 4}]}', 13, 16, 1, 1),
('2024-05-12 16:00:00', 'Stade/Gymnase', 'Demi', 4, 0, 'joue', '{"equipe_a": [{"id": 1, "nb_buts": 4}], "equipe_b": []}', 1, 8, 1, 1),
('2024-05-12 16:00:00', 'Stade/Gymnase', 'Demi', 1, 3, 'joue', '{"equipe_a": [{"id": 25, "nb_buts": 1}], "equipe_b": [{"id": 46, "nb_buts": 3}]}', 9, 16, 1, 1),
('2024-05-15 20:00:00', 'Stade/Gymnase', 'Finale', 3, 1, 'joue', '{"equipe_a": [{"id": 1, "nb_buts": 3}], "equipe_b": [{"id": 46, "nb_buts": 1}]}', 1, 16, 1, 1),
('2024-05-01 10:00:00', 'Stade/Gymnase', 'Poules', 93, 70, 'joue', '{"equipe_a": [{"id": 49, "nb_buts": 93}], "equipe_b": [{"id": 52, "nb_buts": 70}]}', 17, 18, 2, 1),
('2024-05-01 10:00:00', 'Stade/Gymnase', 'Poules', 61, 105, 'joue', '{"equipe_a": [{"id": 55, "nb_buts": 61}], "equipe_b": [{"id": 58, "nb_buts": 105}]}', 19, 20, 2, 1),
('2024-05-01 10:00:00', 'Stade/Gymnase', 'Poules', 100, 70, 'joue', '{"equipe_a": [{"id": 61, "nb_buts": 100}], "equipe_b": [{"id": 64, "nb_buts": 70}]}', 21, 22, 2, 1),
('2024-05-01 10:00:00', 'Stade/Gymnase', 'Poules', 62, 90, 'joue', '{"equipe_a": [{"id": 67, "nb_buts": 62}], "equipe_b": [{"id": 70, "nb_buts": 90}]}', 23, 24, 2, 1),
('2024-05-01 10:00:00', 'Stade/Gymnase', 'Poules', 83, 77, 'joue', '{"equipe_a": [{"id": 73, "nb_buts": 83}], "equipe_b": [{"id": 76, "nb_buts": 77}]}', 25, 26, 2, 1),
('2024-05-01 10:00:00', 'Stade/Gymnase', 'Poules', 72, 89, 'joue', '{"equipe_a": [{"id": 79, "nb_buts": 72}], "equipe_b": [{"id": 82, "nb_buts": 89}]}', 27, 28, 2, 1),
('2024-05-01 10:00:00', 'Stade/Gymnase', 'Poules', 88, 64, 'joue', '{"equipe_a": [{"id": 85, "nb_buts": 88}], "equipe_b": [{"id": 88, "nb_buts": 64}]}', 29, 30, 2, 1),
('2024-05-01 10:00:00', 'Stade/Gymnase', 'Poules', 70, 82, 'joue', '{"equipe_a": [{"id": 91, "nb_buts": 70}], "equipe_b": [{"id": 94, "nb_buts": 82}]}', 31, 32, 2, 1),
('2024-05-05 10:00:00', 'Stade/Gymnase', '8e de finale', 98, 64, 'joue', '{"equipe_a": [{"id": 49, "nb_buts": 98}], "equipe_b": [{"id": 52, "nb_buts": 64}]}', 17, 18, 2, 1),
('2024-05-05 10:00:00', 'Stade/Gymnase', '8e de finale', 71, 89, 'joue', '{"equipe_a": [{"id": 55, "nb_buts": 71}], "equipe_b": [{"id": 58, "nb_buts": 89}]}', 19, 20, 2, 1),
('2024-05-05 10:00:00', 'Stade/Gymnase', '8e de finale', 100, 72, 'joue', '{"equipe_a": [{"id": 61, "nb_buts": 100}], "equipe_b": [{"id": 64, "nb_buts": 72}]}', 21, 22, 2, 1),
('2024-05-05 10:00:00', 'Stade/Gymnase', '8e de finale', 64, 99, 'joue', '{"equipe_a": [{"id": 67, "nb_buts": 64}], "equipe_b": [{"id": 70, "nb_buts": 99}]}', 23, 24, 2, 1),
('2024-05-05 10:00:00', 'Stade/Gymnase', '8e de finale', 102, 62, 'joue', '{"equipe_a": [{"id": 73, "nb_buts": 102}], "equipe_b": [{"id": 76, "nb_buts": 62}]}', 25, 26, 2, 1),
('2024-05-05 10:00:00', 'Stade/Gymnase', '8e de finale', 69, 97, 'joue', '{"equipe_a": [{"id": 79, "nb_buts": 69}], "equipe_b": [{"id": 82, "nb_buts": 97}]}', 27, 28, 2, 1),
('2024-05-05 10:00:00', 'Stade/Gymnase', '8e de finale', 92, 70, 'joue', '{"equipe_a": [{"id": 85, "nb_buts": 92}], "equipe_b": [{"id": 88, "nb_buts": 70}]}', 29, 30, 2, 1),
('2024-05-05 10:00:00', 'Stade/Gymnase', '8e de finale', 64, 101, 'joue', '{"equipe_a": [{"id": 91, "nb_buts": 64}], "equipe_b": [{"id": 94, "nb_buts": 101}]}', 31, 32, 2, 1),
('2024-05-08 14:00:00', 'Stade/Gymnase', 'Quart de finale', 102, 76, 'joue', '{"equipe_a": [{"id": 49, "nb_buts": 102}], "equipe_b": [{"id": 58, "nb_buts": 76}]}', 17, 20, 2, 1),
('2024-05-08 14:00:00', 'Stade/Gymnase', 'Quart de finale', 62, 100, 'joue', '{"equipe_a": [{"id": 61, "nb_buts": 62}], "equipe_b": [{"id": 70, "nb_buts": 100}]}', 21, 24, 2, 1),
('2024-05-08 14:00:00', 'Stade/Gymnase', 'Quart de finale', 101, 73, 'joue', '{"equipe_a": [{"id": 73, "nb_buts": 101}], "equipe_b": [{"id": 82, "nb_buts": 73}]}', 25, 28, 2, 1),
('2024-05-08 14:00:00', 'Stade/Gymnase', 'Quart de finale', 76, 91, 'joue', '{"equipe_a": [{"id": 85, "nb_buts": 76}], "equipe_b": [{"id": 94, "nb_buts": 91}]}', 29, 32, 2, 1),
('2024-05-12 16:00:00', 'Stade/Gymnase', 'Demi', 80, 71, 'joue', '{"equipe_a": [{"id": 49, "nb_buts": 80}], "equipe_b": [{"id": 70, "nb_buts": 71}]}', 17, 24, 2, 1),
('2024-05-12 16:00:00', 'Stade/Gymnase', 'Demi', 69, 85, 'joue', '{"equipe_a": [{"id": 73, "nb_buts": 69}], "equipe_b": [{"id": 94, "nb_buts": 85}]}', 25, 32, 2, 1),
('2024-05-15 20:00:00', 'Stade/Gymnase', 'Finale', 86, 70, 'joue', '{"equipe_a": [{"id": 49, "nb_buts": 86}], "equipe_b": [{"id": 94, "nb_buts": 70}]}', 17, 32, 2, 1),
('2024-05-01 10:00:00', 'Stade/Gymnase', 'Poules', 3, 1, 'joue', '{"equipe_a": [{"id": 97, "nb_buts": 3}], "equipe_b": [{"id": 100, "nb_buts": 1}]}', 33, 34, 3, 1),
('2024-05-01 10:00:00', 'Stade/Gymnase', 'Poules', 0, 3, 'joue', '{"equipe_a": [], "equipe_b": [{"id": 106, "nb_buts": 3}]}', 35, 36, 3, 1),
('2024-05-01 10:00:00', 'Stade/Gymnase', 'Poules', 3, 0, 'joue', '{"equipe_a": [{"id": 109, "nb_buts": 3}], "equipe_b": []}', 37, 38, 3, 1),
('2024-05-01 10:00:00', 'Stade/Gymnase', 'Poules', 0, 3, 'joue', '{"equipe_a": [], "equipe_b": [{"id": 118, "nb_buts": 3}]}', 39, 40, 3, 1),
('2024-05-01 10:00:00', 'Stade/Gymnase', 'Poules', 3, 0, 'joue', '{"equipe_a": [{"id": 121, "nb_buts": 3}], "equipe_b": []}', 41, 42, 3, 1),
('2024-05-01 10:00:00', 'Stade/Gymnase', 'Poules', 0, 3, 'joue', '{"equipe_a": [], "equipe_b": [{"id": 130, "nb_buts": 3}]}', 43, 44, 3, 1),
('2024-05-01 10:00:00', 'Stade/Gymnase', 'Poules', 3, 1, 'joue', '{"equipe_a": [{"id": 133, "nb_buts": 3}], "equipe_b": [{"id": 136, "nb_buts": 1}]}', 45, 46, 3, 1),
('2024-05-01 10:00:00', 'Stade/Gymnase', 'Poules', 0, 3, 'joue', '{"equipe_a": [], "equipe_b": [{"id": 142, "nb_buts": 3}]}', 47, 48, 3, 1),
('2024-05-05 10:00:00', 'Stade/Gymnase', '8e de finale', 3, 2, 'joue', '{"equipe_a": [{"id": 97, "nb_buts": 3}], "equipe_b": [{"id": 100, "nb_buts": 2}]}', 33, 34, 3, 1),
('2024-05-05 10:00:00', 'Stade/Gymnase', '8e de finale', 2, 3, 'joue', '{"equipe_a": [{"id": 103, "nb_buts": 2}], "equipe_b": [{"id": 106, "nb_buts": 3}]}', 35, 36, 3, 1),
('2024-05-05 10:00:00', 'Stade/Gymnase', '8e de finale', 3, 2, 'joue', '{"equipe_a": [{"id": 109, "nb_buts": 3}], "equipe_b": [{"id": 112, "nb_buts": 2}]}', 37, 38, 3, 1),
('2024-05-05 10:00:00', 'Stade/Gymnase', '8e de finale', 2, 3, 'joue', '{"equipe_a": [{"id": 115, "nb_buts": 2}], "equipe_b": [{"id": 118, "nb_buts": 3}]}', 39, 40, 3, 1),
('2024-05-05 10:00:00', 'Stade/Gymnase', '8e de finale', 3, 0, 'joue', '{"equipe_a": [{"id": 121, "nb_buts": 3}], "equipe_b": []}', 41, 42, 3, 1),
('2024-05-05 10:00:00', 'Stade/Gymnase', '8e de finale', 2, 3, 'joue', '{"equipe_a": [{"id": 127, "nb_buts": 2}], "equipe_b": [{"id": 130, "nb_buts": 3}]}', 43, 44, 3, 1),
('2024-05-05 10:00:00', 'Stade/Gymnase', '8e de finale', 3, 1, 'joue', '{"equipe_a": [{"id": 133, "nb_buts": 3}], "equipe_b": [{"id": 136, "nb_buts": 1}]}', 45, 46, 3, 1),
('2024-05-05 10:00:00', 'Stade/Gymnase', '8e de finale', 2, 3, 'joue', '{"equipe_a": [{"id": 139, "nb_buts": 2}], "equipe_b": [{"id": 142, "nb_buts": 3}]}', 47, 48, 3, 1),
('2024-05-08 14:00:00', 'Stade/Gymnase', 'Quart de finale', 3, 0, 'joue', '{"equipe_a": [{"id": 97, "nb_buts": 3}], "equipe_b": []}', 33, 36, 3, 1),
('2024-05-08 14:00:00', 'Stade/Gymnase', 'Quart de finale', 2, 3, 'joue', '{"equipe_a": [{"id": 109, "nb_buts": 2}], "equipe_b": [{"id": 118, "nb_buts": 3}]}', 37, 40, 3, 1),
('2024-05-08 14:00:00', 'Stade/Gymnase', 'Quart de finale', 3, 1, 'joue', '{"equipe_a": [{"id": 121, "nb_buts": 3}], "equipe_b": [{"id": 130, "nb_buts": 1}]}', 41, 44, 3, 1),
('2024-05-08 14:00:00', 'Stade/Gymnase', 'Quart de finale', 0, 3, 'joue', '{"equipe_a": [], "equipe_b": [{"id": 142, "nb_buts": 3}]}', 45, 48, 3, 1),
('2024-05-12 16:00:00', 'Stade/Gymnase', 'Demi', 3, 0, 'joue', '{"equipe_a": [{"id": 97, "nb_buts": 3}], "equipe_b": []}', 33, 40, 3, 1),
('2024-05-12 16:00:00', 'Stade/Gymnase', 'Demi', 0, 3, 'joue', '{"equipe_a": [], "equipe_b": [{"id": 142, "nb_buts": 3}]}', 41, 48, 3, 1),
('2024-05-15 20:00:00', 'Stade/Gymnase', 'Finale', 3, 2, 'joue', '{"equipe_a": [{"id": 97, "nb_buts": 3}], "equipe_b": [{"id": 142, "nb_buts": 2}]}', 33, 48, 3, 1),
('2024-05-01 10:00:00', 'Stade/Gymnase', 'Poules', 37, 20, 'joue', '{"equipe_a": [{"id": 145, "nb_buts": 37}], "equipe_b": [{"id": 148, "nb_buts": 20}]}', 49, 50, 4, 1),
('2024-05-01 10:00:00', 'Stade/Gymnase', 'Poules', 25, 28, 'joue', '{"equipe_a": [{"id": 151, "nb_buts": 25}], "equipe_b": [{"id": 154, "nb_buts": 28}]}', 51, 52, 4, 1),
('2024-05-01 10:00:00', 'Stade/Gymnase', 'Poules', 34, 23, 'joue', '{"equipe_a": [{"id": 157, "nb_buts": 34}], "equipe_b": [{"id": 160, "nb_buts": 23}]}', 53, 54, 4, 1),
('2024-05-01 10:00:00', 'Stade/Gymnase', 'Poules', 21, 35, 'joue', '{"equipe_a": [{"id": 163, "nb_buts": 21}], "equipe_b": [{"id": 166, "nb_buts": 35}]}', 55, 56, 4, 1),
('2024-05-01 10:00:00', 'Stade/Gymnase', 'Poules', 37, 22, 'joue', '{"equipe_a": [{"id": 169, "nb_buts": 37}], "equipe_b": [{"id": 172, "nb_buts": 22}]}', 57, 58, 4, 1),
('2024-05-01 10:00:00', 'Stade/Gymnase', 'Poules', 25, 31, 'joue', '{"equipe_a": [{"id": 175, "nb_buts": 25}], "equipe_b": [{"id": 178, "nb_buts": 31}]}', 59, 60, 4, 1),
('2024-05-01 10:00:00', 'Stade/Gymnase', 'Poules', 36, 21, 'joue', '{"equipe_a": [{"id": 181, "nb_buts": 36}], "equipe_b": [{"id": 184, "nb_buts": 21}]}', 61, 62, 4, 1),
('2024-05-01 10:00:00', 'Stade/Gymnase', 'Poules', 22, 35, 'joue', '{"equipe_a": [{"id": 187, "nb_buts": 22}], "equipe_b": [{"id": 190, "nb_buts": 35}]}', 63, 64, 4, 1),
('2024-05-05 10:00:00', 'Stade/Gymnase', '8e de finale', 31, 23, 'joue', '{"equipe_a": [{"id": 145, "nb_buts": 31}], "equipe_b": [{"id": 148, "nb_buts": 23}]}', 49, 50, 4, 1),
('2024-05-05 10:00:00', 'Stade/Gymnase', '8e de finale', 25, 35, 'joue', '{"equipe_a": [{"id": 151, "nb_buts": 25}], "equipe_b": [{"id": 154, "nb_buts": 35}]}', 51, 52, 4, 1),
('2024-05-05 10:00:00', 'Stade/Gymnase', '8e de finale', 32, 24, 'joue', '{"equipe_a": [{"id": 157, "nb_buts": 32}], "equipe_b": [{"id": 160, "nb_buts": 24}]}', 53, 54, 4, 1),
('2024-05-05 10:00:00', 'Stade/Gymnase', '8e de finale', 26, 36, 'joue', '{"equipe_a": [{"id": 163, "nb_buts": 26}], "equipe_b": [{"id": 166, "nb_buts": 36}]}', 55, 56, 4, 1),
('2024-05-05 10:00:00', 'Stade/Gymnase', '8e de finale', 34, 20, 'joue', '{"equipe_a": [{"id": 169, "nb_buts": 34}], "equipe_b": [{"id": 172, "nb_buts": 20}]}', 57, 58, 4, 1),
('2024-05-05 10:00:00', 'Stade/Gymnase', '8e de finale', 21, 37, 'joue', '{"equipe_a": [{"id": 175, "nb_buts": 21}], "equipe_b": [{"id": 178, "nb_buts": 37}]}', 59, 60, 4, 1),
('2024-05-05 10:00:00', 'Stade/Gymnase', '8e de finale', 30, 22, 'joue', '{"equipe_a": [{"id": 181, "nb_buts": 30}], "equipe_b": [{"id": 184, "nb_buts": 22}]}', 61, 62, 4, 1),
('2024-05-05 10:00:00', 'Stade/Gymnase', '8e de finale', 18, 38, 'joue', '{"equipe_a": [{"id": 187, "nb_buts": 18}], "equipe_b": [{"id": 190, "nb_buts": 38}]}', 63, 64, 4, 1),
('2024-05-08 14:00:00', 'Stade/Gymnase', 'Quart de finale', 35, 23, 'joue', '{"equipe_a": [{"id": 145, "nb_buts": 35}], "equipe_b": [{"id": 154, "nb_buts": 23}]}', 49, 52, 4, 1),
('2024-05-08 14:00:00', 'Stade/Gymnase', 'Quart de finale', 26, 29, 'joue', '{"equipe_a": [{"id": 157, "nb_buts": 26}], "equipe_b": [{"id": 166, "nb_buts": 29}]}', 53, 56, 4, 1),
('2024-05-08 14:00:00', 'Stade/Gymnase', 'Quart de finale', 36, 19, 'joue', '{"equipe_a": [{"id": 169, "nb_buts": 36}], "equipe_b": [{"id": 178, "nb_buts": 19}]}', 57, 60, 4, 1),
('2024-05-08 14:00:00', 'Stade/Gymnase', 'Quart de finale', 22, 29, 'joue', '{"equipe_a": [{"id": 181, "nb_buts": 22}], "equipe_b": [{"id": 190, "nb_buts": 29}]}', 61, 64, 4, 1),
('2024-05-12 16:00:00', 'Stade/Gymnase', 'Demi', 30, 22, 'joue', '{"equipe_a": [{"id": 145, "nb_buts": 30}], "equipe_b": [{"id": 166, "nb_buts": 22}]}', 49, 56, 4, 1),
('2024-05-12 16:00:00', 'Stade/Gymnase', 'Demi', 25, 36, 'joue', '{"equipe_a": [{"id": 169, "nb_buts": 25}], "equipe_b": [{"id": 190, "nb_buts": 36}]}', 57, 64, 4, 1),
('2024-05-15 20:00:00', 'Stade/Gymnase', 'Finale', 30, 24, 'joue', '{"equipe_a": [{"id": 145, "nb_buts": 30}], "equipe_b": [{"id": 190, "nb_buts": 24}]}', 49, 64, 4, 1),
('2025-05-01 10:00:00', 'Stade/Gymnase', 'Poules', 2, 0, 'joue', '{"equipe_a": [{"id": 193, "nb_buts": 2}], "equipe_b": []}', 65, 66, 1, 2),
('2025-05-01 10:00:00', 'Stade/Gymnase', 'Poules', 1, 3, 'joue', '{"equipe_a": [{"id": 199, "nb_buts": 1}], "equipe_b": [{"id": 202, "nb_buts": 3}]}', 67, 68, 1, 2),
('2025-05-01 10:00:00', 'Stade/Gymnase', 'Poules', 2, 1, 'joue', '{"equipe_a": [{"id": 205, "nb_buts": 2}], "equipe_b": [{"id": 208, "nb_buts": 1}]}', 69, 70, 1, 2),
('2025-05-01 10:00:00', 'Stade/Gymnase', 'Poules', 0, 3, 'joue', '{"equipe_a": [], "equipe_b": [{"id": 214, "nb_buts": 3}]}', 71, 72, 1, 2),
('2025-05-01 10:00:00', 'Stade/Gymnase', 'Poules', 4, 1, 'joue', '{"equipe_a": [{"id": 217, "nb_buts": 4}], "equipe_b": [{"id": 220, "nb_buts": 1}]}', 73, 74, 1, 2),
('2025-05-01 10:00:00', 'Stade/Gymnase', 'Poules', 0, 3, 'joue', '{"equipe_a": [], "equipe_b": [{"id": 226, "nb_buts": 3}]}', 75, 76, 1, 2),
('2025-05-01 10:00:00', 'Stade/Gymnase', 'Poules', 2, 1, 'joue', '{"equipe_a": [{"id": 229, "nb_buts": 2}], "equipe_b": [{"id": 232, "nb_buts": 1}]}', 77, 78, 1, 2),
('2025-05-01 10:00:00', 'Stade/Gymnase', 'Poules', 0, 2, 'joue', '{"equipe_a": [], "equipe_b": [{"id": 238, "nb_buts": 2}]}', 79, 80, 1, 2),
('2025-05-05 10:00:00', 'Stade/Gymnase', '8e de finale', 3, 0, 'joue', '{"equipe_a": [{"id": 193, "nb_buts": 3}], "equipe_b": []}', 65, 66, 1, 2),
('2025-05-05 10:00:00', 'Stade/Gymnase', '8e de finale', 1, 2, 'joue', '{"equipe_a": [{"id": 199, "nb_buts": 1}], "equipe_b": [{"id": 202, "nb_buts": 2}]}', 67, 68, 1, 2),
('2025-05-05 10:00:00', 'Stade/Gymnase', '8e de finale', 2, 0, 'joue', '{"equipe_a": [{"id": 205, "nb_buts": 2}], "equipe_b": []}', 69, 70, 1, 2),
('2025-05-05 10:00:00', 'Stade/Gymnase', '8e de finale', 1, 3, 'joue', '{"equipe_a": [{"id": 211, "nb_buts": 1}], "equipe_b": [{"id": 214, "nb_buts": 3}]}', 71, 72, 1, 2),
('2025-05-05 10:00:00', 'Stade/Gymnase', '8e de finale', 4, 0, 'joue', '{"equipe_a": [{"id": 217, "nb_buts": 4}], "equipe_b": []}', 73, 74, 1, 2),
('2025-05-05 10:00:00', 'Stade/Gymnase', '8e de finale', 1, 3, 'joue', '{"equipe_a": [{"id": 223, "nb_buts": 1}], "equipe_b": [{"id": 226, "nb_buts": 3}]}', 75, 76, 1, 2),
('2025-05-05 10:00:00', 'Stade/Gymnase', '8e de finale', 4, 0, 'joue', '{"equipe_a": [{"id": 229, "nb_buts": 4}], "equipe_b": []}', 77, 78, 1, 2),
('2025-05-05 10:00:00', 'Stade/Gymnase', '8e de finale', 0, 2, 'joue', '{"equipe_a": [], "equipe_b": [{"id": 238, "nb_buts": 2}]}', 79, 80, 1, 2),
('2025-05-08 14:00:00', 'Stade/Gymnase', 'Quart de finale', 3, 0, 'joue', '{"equipe_a": [{"id": 193, "nb_buts": 3}], "equipe_b": []}', 65, 68, 1, 2),
('2025-05-08 14:00:00', 'Stade/Gymnase', 'Quart de finale', 0, 4, 'joue', '{"equipe_a": [], "equipe_b": [{"id": 214, "nb_buts": 4}]}', 69, 72, 1, 2),
('2025-05-08 14:00:00', 'Stade/Gymnase', 'Quart de finale', 4, 1, 'joue', '{"equipe_a": [{"id": 217, "nb_buts": 4}], "equipe_b": [{"id": 226, "nb_buts": 1}]}', 73, 76, 1, 2),
('2025-05-08 14:00:00', 'Stade/Gymnase', 'Quart de finale', 0, 3, 'joue', '{"equipe_a": [], "equipe_b": [{"id": 238, "nb_buts": 3}]}', 77, 80, 1, 2),
('2025-05-12 16:00:00', 'Stade/Gymnase', 'Demi', 2, 1, 'joue', '{"equipe_a": [{"id": 193, "nb_buts": 2}], "equipe_b": [{"id": 214, "nb_buts": 1}]}', 65, 72, 1, 2),
('2025-05-12 16:00:00', 'Stade/Gymnase', 'Demi', 0, 2, 'joue', '{"equipe_a": [], "equipe_b": [{"id": 238, "nb_buts": 2}]}', 73, 80, 1, 2),
('2025-05-15 20:00:00', 'Stade/Gymnase', 'Finale', 2, 1, 'joue', '{"equipe_a": [{"id": 193, "nb_buts": 2}], "equipe_b": [{"id": 238, "nb_buts": 1}]}', 65, 80, 1, 2),
('2025-05-01 10:00:00', 'Stade/Gymnase', 'Poules', 100, 74, 'joue', '{"equipe_a": [{"id": 241, "nb_buts": 100}], "equipe_b": [{"id": 244, "nb_buts": 74}]}', 81, 82, 2, 2),
('2025-05-01 10:00:00', 'Stade/Gymnase', 'Poules', 62, 83, 'joue', '{"equipe_a": [{"id": 247, "nb_buts": 62}], "equipe_b": [{"id": 250, "nb_buts": 83}]}', 83, 84, 2, 2),
('2025-05-01 10:00:00', 'Stade/Gymnase', 'Poules', 95, 77, 'joue', '{"equipe_a": [{"id": 253, "nb_buts": 95}], "equipe_b": [{"id": 256, "nb_buts": 77}]}', 85, 86, 2, 2),
('2025-05-01 10:00:00', 'Stade/Gymnase', 'Poules', 60, 100, 'joue', '{"equipe_a": [{"id": 259, "nb_buts": 60}], "equipe_b": [{"id": 262, "nb_buts": 100}]}', 87, 88, 2, 2),
('2025-05-01 10:00:00', 'Stade/Gymnase', 'Poules', 96, 78, 'joue', '{"equipe_a": [{"id": 265, "nb_buts": 96}], "equipe_b": [{"id": 268, "nb_buts": 78}]}', 89, 90, 2, 2),
('2025-05-01 10:00:00', 'Stade/Gymnase', 'Poules', 67, 102, 'joue', '{"equipe_a": [{"id": 271, "nb_buts": 67}], "equipe_b": [{"id": 274, "nb_buts": 102}]}', 91, 92, 2, 2),
('2025-05-01 10:00:00', 'Stade/Gymnase', 'Poules', 84, 69, 'joue', '{"equipe_a": [{"id": 277, "nb_buts": 84}], "equipe_b": [{"id": 280, "nb_buts": 69}]}', 93, 94, 2, 2),
('2025-05-01 10:00:00', 'Stade/Gymnase', 'Poules', 73, 80, 'joue', '{"equipe_a": [{"id": 283, "nb_buts": 73}], "equipe_b": [{"id": 286, "nb_buts": 80}]}', 95, 96, 2, 2),
('2025-05-05 10:00:00', 'Stade/Gymnase', '8e de finale', 99, 71, 'joue', '{"equipe_a": [{"id": 241, "nb_buts": 99}], "equipe_b": [{"id": 244, "nb_buts": 71}]}', 81, 82, 2, 2),
('2025-05-05 10:00:00', 'Stade/Gymnase', '8e de finale', 67, 98, 'joue', '{"equipe_a": [{"id": 247, "nb_buts": 67}], "equipe_b": [{"id": 250, "nb_buts": 98}]}', 83, 84, 2, 2),
('2025-05-05 10:00:00', 'Stade/Gymnase', '8e de finale', 93, 65, 'joue', '{"equipe_a": [{"id": 253, "nb_buts": 93}], "equipe_b": [{"id": 256, "nb_buts": 65}]}', 85, 86, 2, 2),
('2025-05-05 10:00:00', 'Stade/Gymnase', '8e de finale', 62, 96, 'joue', '{"equipe_a": [{"id": 259, "nb_buts": 62}], "equipe_b": [{"id": 262, "nb_buts": 96}]}', 87, 88, 2, 2),
('2025-05-05 10:00:00', 'Stade/Gymnase', '8e de finale', 91, 62, 'joue', '{"equipe_a": [{"id": 265, "nb_buts": 91}], "equipe_b": [{"id": 268, "nb_buts": 62}]}', 89, 90, 2, 2),
('2025-05-05 10:00:00', 'Stade/Gymnase', '8e de finale', 76, 97, 'joue', '{"equipe_a": [{"id": 271, "nb_buts": 76}], "equipe_b": [{"id": 274, "nb_buts": 97}]}', 91, 92, 2, 2),
('2025-05-05 10:00:00', 'Stade/Gymnase', '8e de finale', 96, 76, 'joue', '{"equipe_a": [{"id": 277, "nb_buts": 96}], "equipe_b": [{"id": 280, "nb_buts": 76}]}', 93, 94, 2, 2),
('2025-05-05 10:00:00', 'Stade/Gymnase', '8e de finale', 77, 80, 'joue', '{"equipe_a": [{"id": 283, "nb_buts": 77}], "equipe_b": [{"id": 286, "nb_buts": 80}]}', 95, 96, 2, 2),
('2025-05-08 14:00:00', 'Stade/Gymnase', 'Quart de finale', 92, 75, 'joue', '{"equipe_a": [{"id": 241, "nb_buts": 92}], "equipe_b": [{"id": 250, "nb_buts": 75}]}', 81, 84, 2, 2),
('2025-05-08 14:00:00', 'Stade/Gymnase', 'Quart de finale', 61, 100, 'joue', '{"equipe_a": [{"id": 253, "nb_buts": 61}], "equipe_b": [{"id": 262, "nb_buts": 100}]}', 85, 88, 2, 2),
('2025-05-08 14:00:00', 'Stade/Gymnase', 'Quart de finale', 92, 71, 'joue', '{"equipe_a": [{"id": 265, "nb_buts": 92}], "equipe_b": [{"id": 274, "nb_buts": 71}]}', 89, 92, 2, 2),
('2025-05-08 14:00:00', 'Stade/Gymnase', 'Quart de finale', 68, 103, 'joue', '{"equipe_a": [{"id": 277, "nb_buts": 68}], "equipe_b": [{"id": 286, "nb_buts": 103}]}', 93, 96, 2, 2),
('2025-05-12 16:00:00', 'Stade/Gymnase', 'Demi', 80, 71, 'joue', '{"equipe_a": [{"id": 241, "nb_buts": 80}], "equipe_b": [{"id": 262, "nb_buts": 71}]}', 81, 88, 2, 2),
('2025-05-12 16:00:00', 'Stade/Gymnase', 'Demi', 62, 91, 'joue', '{"equipe_a": [{"id": 265, "nb_buts": 62}], "equipe_b": [{"id": 286, "nb_buts": 91}]}', 89, 96, 2, 2),
('2025-05-15 20:00:00', 'Stade/Gymnase', 'Finale', 87, 63, 'joue', '{"equipe_a": [{"id": 241, "nb_buts": 87}], "equipe_b": [{"id": 286, "nb_buts": 63}]}', 81, 96, 2, 2),
('2025-05-01 10:00:00', 'Stade/Gymnase', 'Poules', 3, 2, 'joue', '{"equipe_a": [{"id": 289, "nb_buts": 3}], "equipe_b": [{"id": 292, "nb_buts": 2}]}', 97, 98, 3, 2),
('2025-05-01 10:00:00', 'Stade/Gymnase', 'Poules', 2, 3, 'joue', '{"equipe_a": [{"id": 295, "nb_buts": 2}], "equipe_b": [{"id": 298, "nb_buts": 3}]}', 99, 100, 3, 2),
('2025-05-01 10:00:00', 'Stade/Gymnase', 'Poules', 3, 1, 'joue', '{"equipe_a": [{"id": 301, "nb_buts": 3}], "equipe_b": [{"id": 304, "nb_buts": 1}]}', 101, 102, 3, 2),
('2025-05-01 10:00:00', 'Stade/Gymnase', 'Poules', 0, 3, 'joue', '{"equipe_a": [], "equipe_b": [{"id": 310, "nb_buts": 3}]}', 103, 104, 3, 2),
('2025-05-01 10:00:00', 'Stade/Gymnase', 'Poules', 3, 0, 'joue', '{"equipe_a": [{"id": 313, "nb_buts": 3}], "equipe_b": []}', 105, 106, 3, 2),
('2025-05-01 10:00:00', 'Stade/Gymnase', 'Poules', 1, 3, 'joue', '{"equipe_a": [{"id": 319, "nb_buts": 1}], "equipe_b": [{"id": 322, "nb_buts": 3}]}', 107, 108, 3, 2),
('2025-05-01 10:00:00', 'Stade/Gymnase', 'Poules', 3, 2, 'joue', '{"equipe_a": [{"id": 325, "nb_buts": 3}], "equipe_b": [{"id": 328, "nb_buts": 2}]}', 109, 110, 3, 2),
('2025-05-01 10:00:00', 'Stade/Gymnase', 'Poules', 1, 3, 'joue', '{"equipe_a": [{"id": 331, "nb_buts": 1}], "equipe_b": [{"id": 334, "nb_buts": 3}]}', 111, 112, 3, 2),
('2025-05-05 10:00:00', 'Stade/Gymnase', '8e de finale', 3, 2, 'joue', '{"equipe_a": [{"id": 289, "nb_buts": 3}], "equipe_b": [{"id": 292, "nb_buts": 2}]}', 97, 98, 3, 2),
('2025-05-05 10:00:00', 'Stade/Gymnase', '8e de finale', 0, 3, 'joue', '{"equipe_a": [], "equipe_b": [{"id": 298, "nb_buts": 3}]}', 99, 100, 3, 2),
('2025-05-05 10:00:00', 'Stade/Gymnase', '8e de finale', 3, 2, 'joue', '{"equipe_a": [{"id": 301, "nb_buts": 3}], "equipe_b": [{"id": 304, "nb_buts": 2}]}', 101, 102, 3, 2),
('2025-05-05 10:00:00', 'Stade/Gymnase', '8e de finale', 1, 3, 'joue', '{"equipe_a": [{"id": 307, "nb_buts": 1}], "equipe_b": [{"id": 310, "nb_buts": 3}]}', 103, 104, 3, 2),
('2025-05-05 10:00:00', 'Stade/Gymnase', '8e de finale', 3, 2, 'joue', '{"equipe_a": [{"id": 313, "nb_buts": 3}], "equipe_b": [{"id": 316, "nb_buts": 2}]}', 105, 106, 3, 2),
('2025-05-05 10:00:00', 'Stade/Gymnase', '8e de finale', 1, 3, 'joue', '{"equipe_a": [{"id": 319, "nb_buts": 1}], "equipe_b": [{"id": 322, "nb_buts": 3}]}', 107, 108, 3, 2),
('2025-05-05 10:00:00', 'Stade/Gymnase', '8e de finale', 3, 2, 'joue', '{"equipe_a": [{"id": 325, "nb_buts": 3}], "equipe_b": [{"id": 328, "nb_buts": 2}]}', 109, 110, 3, 2),
('2025-05-05 10:00:00', 'Stade/Gymnase', '8e de finale', 0, 3, 'joue', '{"equipe_a": [], "equipe_b": [{"id": 334, "nb_buts": 3}]}', 111, 112, 3, 2),
('2025-05-08 14:00:00', 'Stade/Gymnase', 'Quart de finale', 3, 0, 'joue', '{"equipe_a": [{"id": 289, "nb_buts": 3}], "equipe_b": []}', 97, 100, 3, 2),
('2025-05-08 14:00:00', 'Stade/Gymnase', 'Quart de finale', 0, 3, 'joue', '{"equipe_a": [], "equipe_b": [{"id": 310, "nb_buts": 3}]}', 101, 104, 3, 2),
('2025-05-08 14:00:00', 'Stade/Gymnase', 'Quart de finale', 3, 2, 'joue', '{"equipe_a": [{"id": 313, "nb_buts": 3}], "equipe_b": [{"id": 322, "nb_buts": 2}]}', 105, 108, 3, 2),
('2025-05-08 14:00:00', 'Stade/Gymnase', 'Quart de finale', 1, 3, 'joue', '{"equipe_a": [{"id": 325, "nb_buts": 1}], "equipe_b": [{"id": 334, "nb_buts": 3}]}', 109, 112, 3, 2),
('2025-05-12 16:00:00', 'Stade/Gymnase', 'Demi', 3, 0, 'joue', '{"equipe_a": [{"id": 289, "nb_buts": 3}], "equipe_b": []}', 97, 104, 3, 2),
('2025-05-12 16:00:00', 'Stade/Gymnase', 'Demi', 1, 3, 'joue', '{"equipe_a": [{"id": 313, "nb_buts": 1}], "equipe_b": [{"id": 334, "nb_buts": 3}]}', 105, 112, 3, 2),
('2025-05-15 20:00:00', 'Stade/Gymnase', 'Finale', 3, 0, 'joue', '{"equipe_a": [{"id": 289, "nb_buts": 3}], "equipe_b": []}', 97, 112, 3, 2),
('2025-05-01 10:00:00', 'Stade/Gymnase', 'Poules', 28, 21, 'joue', '{"equipe_a": [{"id": 337, "nb_buts": 28}], "equipe_b": [{"id": 340, "nb_buts": 21}]}', 113, 114, 4, 2),
('2025-05-01 10:00:00', 'Stade/Gymnase', 'Poules', 18, 33, 'joue', '{"equipe_a": [{"id": 343, "nb_buts": 18}], "equipe_b": [{"id": 346, "nb_buts": 33}]}', 115, 116, 4, 2),
('2025-05-01 10:00:00', 'Stade/Gymnase', 'Poules', 32, 26, 'joue', '{"equipe_a": [{"id": 349, "nb_buts": 32}], "equipe_b": [{"id": 352, "nb_buts": 26}]}', 117, 118, 4, 2),
('2025-05-01 10:00:00', 'Stade/Gymnase', 'Poules', 24, 36, 'joue', '{"equipe_a": [{"id": 355, "nb_buts": 24}], "equipe_b": [{"id": 358, "nb_buts": 36}]}', 119, 120, 4, 2),
('2025-05-01 10:00:00', 'Stade/Gymnase', 'Poules', 35, 22, 'joue', '{"equipe_a": [{"id": 361, "nb_buts": 35}], "equipe_b": [{"id": 364, "nb_buts": 22}]}', 121, 122, 4, 2),
('2025-05-01 10:00:00', 'Stade/Gymnase', 'Poules', 18, 38, 'joue', '{"equipe_a": [{"id": 367, "nb_buts": 18}], "equipe_b": [{"id": 370, "nb_buts": 38}]}', 123, 124, 4, 2),
('2025-05-01 10:00:00', 'Stade/Gymnase', 'Poules', 31, 22, 'joue', '{"equipe_a": [{"id": 373, "nb_buts": 31}], "equipe_b": [{"id": 376, "nb_buts": 22}]}', 125, 126, 4, 2),
('2025-05-01 10:00:00', 'Stade/Gymnase', 'Poules', 23, 28, 'joue', '{"equipe_a": [{"id": 379, "nb_buts": 23}], "equipe_b": [{"id": 382, "nb_buts": 28}]}', 127, 128, 4, 2),
('2025-05-05 10:00:00', 'Stade/Gymnase', '8e de finale', 38, 23, 'joue', '{"equipe_a": [{"id": 337, "nb_buts": 38}], "equipe_b": [{"id": 340, "nb_buts": 23}]}', 113, 114, 4, 2),
('2025-05-05 10:00:00', 'Stade/Gymnase', '8e de finale', 22, 29, 'joue', '{"equipe_a": [{"id": 343, "nb_buts": 22}], "equipe_b": [{"id": 346, "nb_buts": 29}]}', 115, 116, 4, 2),
('2025-05-05 10:00:00', 'Stade/Gymnase', '8e de finale', 33, 24, 'joue', '{"equipe_a": [{"id": 349, "nb_buts": 33}], "equipe_b": [{"id": 352, "nb_buts": 24}]}', 117, 118, 4, 2),
('2025-05-05 10:00:00', 'Stade/Gymnase', '8e de finale', 24, 35, 'joue', '{"equipe_a": [{"id": 355, "nb_buts": 24}], "equipe_b": [{"id": 358, "nb_buts": 35}]}', 119, 120, 4, 2),
('2025-05-05 10:00:00', 'Stade/Gymnase', '8e de finale', 34, 23, 'joue', '{"equipe_a": [{"id": 361, "nb_buts": 34}], "equipe_b": [{"id": 364, "nb_buts": 23}]}', 121, 122, 4, 2),
('2025-05-05 10:00:00', 'Stade/Gymnase', '8e de finale', 20, 35, 'joue', '{"equipe_a": [{"id": 367, "nb_buts": 20}], "equipe_b": [{"id": 370, "nb_buts": 35}]}', 123, 124, 4, 2),
('2025-05-05 10:00:00', 'Stade/Gymnase', '8e de finale', 35, 23, 'joue', '{"equipe_a": [{"id": 373, "nb_buts": 35}], "equipe_b": [{"id": 376, "nb_buts": 23}]}', 125, 126, 4, 2),
('2025-05-05 10:00:00', 'Stade/Gymnase', '8e de finale', 26, 32, 'joue', '{"equipe_a": [{"id": 379, "nb_buts": 26}], "equipe_b": [{"id": 382, "nb_buts": 32}]}', 127, 128, 4, 2),
('2025-05-08 14:00:00', 'Stade/Gymnase', 'Quart de finale', 29, 24, 'joue', '{"equipe_a": [{"id": 337, "nb_buts": 29}], "equipe_b": [{"id": 346, "nb_buts": 24}]}', 113, 116, 4, 2),
('2025-05-08 14:00:00', 'Stade/Gymnase', 'Quart de finale', 19, 34, 'joue', '{"equipe_a": [{"id": 349, "nb_buts": 19}], "equipe_b": [{"id": 358, "nb_buts": 34}]}', 117, 120, 4, 2),
('2025-05-08 14:00:00', 'Stade/Gymnase', 'Quart de finale', 37, 20, 'joue', '{"equipe_a": [{"id": 361, "nb_buts": 37}], "equipe_b": [{"id": 370, "nb_buts": 20}]}', 121, 124, 4, 2),
('2025-05-08 14:00:00', 'Stade/Gymnase', 'Quart de finale', 26, 32, 'joue', '{"equipe_a": [{"id": 373, "nb_buts": 26}], "equipe_b": [{"id": 382, "nb_buts": 32}]}', 125, 128, 4, 2),
('2025-05-12 16:00:00', 'Stade/Gymnase', 'Demi', 33, 19, 'joue', '{"equipe_a": [{"id": 337, "nb_buts": 33}], "equipe_b": [{"id": 358, "nb_buts": 19}]}', 113, 120, 4, 2),
('2025-05-12 16:00:00', 'Stade/Gymnase', 'Demi', 19, 33, 'joue', '{"equipe_a": [{"id": 361, "nb_buts": 19}], "equipe_b": [{"id": 382, "nb_buts": 33}]}', 121, 128, 4, 2),
('2025-05-15 20:00:00', 'Stade/Gymnase', 'Finale', 38, 22, 'joue', '{"equipe_a": [{"id": 337, "nb_buts": 38}], "equipe_b": [{"id": 382, "nb_buts": 22}]}', 113, 128, 4, 2),
('2026-05-01 10:00:00', 'Stade/Gymnase', 'Poules', 3, 1, 'joue', '{"equipe_a": [{"id": 385, "nb_buts": 3}], "equipe_b": [{"id": 388, "nb_buts": 1}]}', 129, 130, 1, 3),
('2026-05-01 10:00:00', 'Stade/Gymnase', 'Poules', 1, 2, 'joue', '{"equipe_a": [{"id": 391, "nb_buts": 1}], "equipe_b": [{"id": 394, "nb_buts": 2}]}', 131, 132, 1, 3),
('2026-05-01 10:00:00', 'Stade/Gymnase', 'Poules', 4, 1, 'joue', '{"equipe_a": [{"id": 397, "nb_buts": 4}], "equipe_b": [{"id": 400, "nb_buts": 1}]}', 133, 134, 1, 3),
('2026-05-01 10:00:00', 'Stade/Gymnase', 'Poules', 1, 3, 'joue', '{"equipe_a": [{"id": 403, "nb_buts": 1}], "equipe_b": [{"id": 406, "nb_buts": 3}]}', 135, 136, 1, 3),
('2026-05-01 10:00:00', 'Stade/Gymnase', 'Poules', 2, 1, 'joue', '{"equipe_a": [{"id": 409, "nb_buts": 2}], "equipe_b": [{"id": 412, "nb_buts": 1}]}', 137, 138, 1, 3),
('2026-05-01 10:00:00', 'Stade/Gymnase', 'Poules', 1, 3, 'joue', '{"equipe_a": [{"id": 415, "nb_buts": 1}], "equipe_b": [{"id": 418, "nb_buts": 3}]}', 139, 140, 1, 3),
('2026-05-01 10:00:00', 'Stade/Gymnase', 'Poules', 4, 0, 'joue', '{"equipe_a": [{"id": 421, "nb_buts": 4}], "equipe_b": []}', 141, 142, 1, 3),
('2026-05-01 10:00:00', 'Stade/Gymnase', 'Poules', 0, 4, 'joue', '{"equipe_a": [], "equipe_b": [{"id": 430, "nb_buts": 4}]}', 143, 144, 1, 3),
('2026-05-05 10:00:00', 'Stade/Gymnase', '8e de finale', 4, 1, 'joue', '{"equipe_a": [{"id": 385, "nb_buts": 4}], "equipe_b": [{"id": 388, "nb_buts": 1}]}', 129, 130, 1, 3),
('2026-05-05 10:00:00', 'Stade/Gymnase', '8e de finale', 1, 4, 'joue', '{"equipe_a": [{"id": 391, "nb_buts": 1}], "equipe_b": [{"id": 394, "nb_buts": 4}]}', 131, 132, 1, 3),
('2026-05-05 10:00:00', 'Stade/Gymnase', '8e de finale', 4, 0, 'joue', '{"equipe_a": [{"id": 397, "nb_buts": 4}], "equipe_b": []}', 133, 134, 1, 3),
('2026-05-05 10:00:00', 'Stade/Gymnase', '8e de finale', 0, 2, 'joue', '{"equipe_a": [], "equipe_b": [{"id": 406, "nb_buts": 2}]}', 135, 136, 1, 3),
('2026-05-05 10:00:00', 'Stade/Gymnase', '8e de finale', 4, 1, 'joue', '{"equipe_a": [{"id": 409, "nb_buts": 4}], "equipe_b": [{"id": 412, "nb_buts": 1}]}', 137, 138, 1, 3),
('2026-05-05 10:00:00', 'Stade/Gymnase', '8e de finale', 0, 2, 'joue', '{"equipe_a": [], "equipe_b": [{"id": 418, "nb_buts": 2}]}', 139, 140, 1, 3),
('2026-05-05 10:00:00', 'Stade/Gymnase', '8e de finale', 2, 0, 'joue', '{"equipe_a": [{"id": 421, "nb_buts": 2}], "equipe_b": []}', 141, 142, 1, 3),
('2026-05-05 10:00:00', 'Stade/Gymnase', '8e de finale', 1, 3, 'joue', '{"equipe_a": [{"id": 427, "nb_buts": 1}], "equipe_b": [{"id": 430, "nb_buts": 3}]}', 143, 144, 1, 3),
('2026-05-08 14:00:00', 'Stade/Gymnase', 'Quart de finale', 3, 0, 'joue', '{"equipe_a": [{"id": 385, "nb_buts": 3}], "equipe_b": []}', 129, 132, 1, 3),
('2026-05-08 14:00:00', 'Stade/Gymnase', 'Quart de finale', 0, 4, 'joue', '{"equipe_a": [], "equipe_b": [{"id": 406, "nb_buts": 4}]}', 133, 136, 1, 3),
('2026-05-08 14:00:00', 'Stade/Gymnase', 'Quart de finale', 3, 1, 'joue', '{"equipe_a": [{"id": 409, "nb_buts": 3}], "equipe_b": [{"id": 418, "nb_buts": 1}]}', 137, 140, 1, 3),
('2026-05-08 14:00:00', 'Stade/Gymnase', 'Quart de finale', 1, 3, 'joue', '{"equipe_a": [{"id": 421, "nb_buts": 1}], "equipe_b": [{"id": 430, "nb_buts": 3}]}', 141, 144, 1, 3),
('2026-05-12 16:00:00', 'Stade/Gymnase', 'Demi', 2, 0, 'joue', '{"equipe_a": [{"id": 385, "nb_buts": 2}], "equipe_b": []}', 129, 136, 1, 3),
('2026-05-12 16:00:00', 'Stade/Gymnase', 'Demi', 1, 3, 'joue', '{"equipe_a": [{"id": 409, "nb_buts": 1}], "equipe_b": [{"id": 430, "nb_buts": 3}]}', 137, 144, 1, 3),
('2026-05-15 20:00:00', 'Stade/Gymnase', 'Finale', 3, 1, 'joue', '{"equipe_a": [{"id": 385, "nb_buts": 3}], "equipe_b": [{"id": 430, "nb_buts": 1}]}', 129, 144, 1, 3),
('2026-05-01 10:00:00', 'Stade/Gymnase', 'Poules', 87, 63, 'joue', '{"equipe_a": [{"id": 433, "nb_buts": 87}], "equipe_b": [{"id": 436, "nb_buts": 63}]}', 145, 146, 2, 3),
('2026-05-01 10:00:00', 'Stade/Gymnase', 'Poules', 60, 103, 'joue', '{"equipe_a": [{"id": 439, "nb_buts": 60}], "equipe_b": [{"id": 442, "nb_buts": 103}]}', 147, 148, 2, 3),
('2026-05-01 10:00:00', 'Stade/Gymnase', 'Poules', 85, 75, 'joue', '{"equipe_a": [{"id": 445, "nb_buts": 85}], "equipe_b": [{"id": 448, "nb_buts": 75}]}', 149, 150, 2, 3),
('2026-05-01 10:00:00', 'Stade/Gymnase', 'Poules', 76, 92, 'joue', '{"equipe_a": [{"id": 451, "nb_buts": 76}], "equipe_b": [{"id": 454, "nb_buts": 92}]}', 151, 152, 2, 3),
('2026-05-01 10:00:00', 'Stade/Gymnase', 'Poules', 97, 63, 'joue', '{"equipe_a": [{"id": 457, "nb_buts": 97}], "equipe_b": [{"id": 460, "nb_buts": 63}]}', 153, 154, 2, 3),
('2026-05-01 10:00:00', 'Stade/Gymnase', 'Poules', 68, 104, 'joue', '{"equipe_a": [{"id": 463, "nb_buts": 68}], "equipe_b": [{"id": 466, "nb_buts": 104}]}', 155, 156, 2, 3),
('2026-05-01 10:00:00', 'Stade/Gymnase', 'Poules', 88, 74, 'joue', '{"equipe_a": [{"id": 469, "nb_buts": 88}], "equipe_b": [{"id": 472, "nb_buts": 74}]}', 157, 158, 2, 3),
('2026-05-01 10:00:00', 'Stade/Gymnase', 'Poules', 66, 99, 'joue', '{"equipe_a": [{"id": 475, "nb_buts": 66}], "equipe_b": [{"id": 478, "nb_buts": 99}]}', 159, 160, 2, 3),
('2026-05-05 10:00:00', 'Stade/Gymnase', '8e de finale', 89, 75, 'joue', '{"equipe_a": [{"id": 433, "nb_buts": 89}], "equipe_b": [{"id": 436, "nb_buts": 75}]}', 145, 146, 2, 3),
('2026-05-05 10:00:00', 'Stade/Gymnase', '8e de finale', 66, 83, 'joue', '{"equipe_a": [{"id": 439, "nb_buts": 66}], "equipe_b": [{"id": 442, "nb_buts": 83}]}', 147, 148, 2, 3),
('2026-05-05 10:00:00', 'Stade/Gymnase', '8e de finale', 84, 62, 'joue', '{"equipe_a": [{"id": 445, "nb_buts": 84}], "equipe_b": [{"id": 448, "nb_buts": 62}]}', 149, 150, 2, 3),
('2026-05-05 10:00:00', 'Stade/Gymnase', '8e de finale', 74, 85, 'joue', '{"equipe_a": [{"id": 451, "nb_buts": 74}], "equipe_b": [{"id": 454, "nb_buts": 85}]}', 151, 152, 2, 3),
('2026-05-05 10:00:00', 'Stade/Gymnase', '8e de finale', 102, 74, 'joue', '{"equipe_a": [{"id": 457, "nb_buts": 102}], "equipe_b": [{"id": 460, "nb_buts": 74}]}', 153, 154, 2, 3),
('2026-05-05 10:00:00', 'Stade/Gymnase', '8e de finale', 62, 105, 'joue', '{"equipe_a": [{"id": 463, "nb_buts": 62}], "equipe_b": [{"id": 466, "nb_buts": 105}]}', 155, 156, 2, 3),
('2026-05-05 10:00:00', 'Stade/Gymnase', '8e de finale', 101, 70, 'joue', '{"equipe_a": [{"id": 469, "nb_buts": 101}], "equipe_b": [{"id": 472, "nb_buts": 70}]}', 157, 158, 2, 3),
('2026-05-05 10:00:00', 'Stade/Gymnase', '8e de finale', 71, 102, 'joue', '{"equipe_a": [{"id": 475, "nb_buts": 71}], "equipe_b": [{"id": 478, "nb_buts": 102}]}', 159, 160, 2, 3),
('2026-05-08 14:00:00', 'Stade/Gymnase', 'Quart de finale', 82, 77, 'joue', '{"equipe_a": [{"id": 433, "nb_buts": 82}], "equipe_b": [{"id": 442, "nb_buts": 77}]}', 145, 148, 2, 3),
('2026-05-08 14:00:00', 'Stade/Gymnase', 'Quart de finale', 77, 89, 'joue', '{"equipe_a": [{"id": 445, "nb_buts": 77}], "equipe_b": [{"id": 454, "nb_buts": 89}]}', 149, 152, 2, 3),
('2026-05-08 14:00:00', 'Stade/Gymnase', 'Quart de finale', 89, 65, 'joue', '{"equipe_a": [{"id": 457, "nb_buts": 89}], "equipe_b": [{"id": 466, "nb_buts": 65}]}', 153, 156, 2, 3),
('2026-05-08 14:00:00', 'Stade/Gymnase', 'Quart de finale', 65, 105, 'joue', '{"equipe_a": [{"id": 469, "nb_buts": 65}], "equipe_b": [{"id": 478, "nb_buts": 105}]}', 157, 160, 2, 3),
('2026-05-12 16:00:00', 'Stade/Gymnase', 'Demi', 91, 76, 'joue', '{"equipe_a": [{"id": 433, "nb_buts": 91}], "equipe_b": [{"id": 454, "nb_buts": 76}]}', 145, 152, 2, 3),
('2026-05-12 16:00:00', 'Stade/Gymnase', 'Demi', 67, 83, 'joue', '{"equipe_a": [{"id": 457, "nb_buts": 67}], "equipe_b": [{"id": 478, "nb_buts": 83}]}', 153, 160, 2, 3),
('2026-05-15 20:00:00', 'Stade/Gymnase', 'Finale', 86, 64, 'joue', '{"equipe_a": [{"id": 433, "nb_buts": 86}], "equipe_b": [{"id": 478, "nb_buts": 64}]}', 145, 160, 2, 3),
('2026-05-01 10:00:00', 'Stade/Gymnase', 'Poules', 3, 0, 'joue', '{"equipe_a": [{"id": 481, "nb_buts": 3}], "equipe_b": []}', 161, 162, 3, 3),
('2026-05-01 10:00:00', 'Stade/Gymnase', 'Poules', 1, 3, 'joue', '{"equipe_a": [{"id": 487, "nb_buts": 1}], "equipe_b": [{"id": 490, "nb_buts": 3}]}', 163, 164, 3, 3),
('2026-05-01 10:00:00', 'Stade/Gymnase', 'Poules', 3, 0, 'joue', '{"equipe_a": [{"id": 493, "nb_buts": 3}], "equipe_b": []}', 165, 166, 3, 3),
('2026-05-01 10:00:00', 'Stade/Gymnase', 'Poules', 1, 3, 'joue', '{"equipe_a": [{"id": 499, "nb_buts": 1}], "equipe_b": [{"id": 502, "nb_buts": 3}]}', 167, 168, 3, 3),
('2026-05-01 10:00:00', 'Stade/Gymnase', 'Poules', 3, 2, 'joue', '{"equipe_a": [{"id": 505, "nb_buts": 3}], "equipe_b": [{"id": 508, "nb_buts": 2}]}', 169, 170, 3, 3),
('2026-05-01 10:00:00', 'Stade/Gymnase', 'Poules', 2, 3, 'joue', '{"equipe_a": [{"id": 511, "nb_buts": 2}], "equipe_b": [{"id": 514, "nb_buts": 3}]}', 171, 172, 3, 3),
('2026-05-01 10:00:00', 'Stade/Gymnase', 'Poules', 3, 1, 'joue', '{"equipe_a": [{"id": 517, "nb_buts": 3}], "equipe_b": [{"id": 520, "nb_buts": 1}]}', 173, 174, 3, 3),
('2026-05-01 10:00:00', 'Stade/Gymnase', 'Poules', 1, 3, 'joue', '{"equipe_a": [{"id": 523, "nb_buts": 1}], "equipe_b": [{"id": 526, "nb_buts": 3}]}', 175, 176, 3, 3),
('2026-05-05 10:00:00', 'Stade/Gymnase', '8e de finale', 3, 2, 'joue', '{"equipe_a": [{"id": 481, "nb_buts": 3}], "equipe_b": [{"id": 484, "nb_buts": 2}]}', 161, 162, 3, 3),
('2026-05-05 10:00:00', 'Stade/Gymnase', '8e de finale', 0, 3, 'joue', '{"equipe_a": [], "equipe_b": [{"id": 490, "nb_buts": 3}]}', 163, 164, 3, 3),
('2026-05-05 10:00:00', 'Stade/Gymnase', '8e de finale', 3, 2, 'joue', '{"equipe_a": [{"id": 493, "nb_buts": 3}], "equipe_b": [{"id": 496, "nb_buts": 2}]}', 165, 166, 3, 3),
('2026-05-05 10:00:00', 'Stade/Gymnase', '8e de finale', 0, 3, 'joue', '{"equipe_a": [], "equipe_b": [{"id": 502, "nb_buts": 3}]}', 167, 168, 3, 3),
('2026-05-05 10:00:00', 'Stade/Gymnase', '8e de finale', 3, 0, 'joue', '{"equipe_a": [{"id": 505, "nb_buts": 3}], "equipe_b": []}', 169, 170, 3, 3),
('2026-05-05 10:00:00', 'Stade/Gymnase', '8e de finale', 1, 3, 'joue', '{"equipe_a": [{"id": 511, "nb_buts": 1}], "equipe_b": [{"id": 514, "nb_buts": 3}]}', 171, 172, 3, 3),
('2026-05-05 10:00:00', 'Stade/Gymnase', '8e de finale', 3, 1, 'joue', '{"equipe_a": [{"id": 517, "nb_buts": 3}], "equipe_b": [{"id": 520, "nb_buts": 1}]}', 173, 174, 3, 3),
('2026-05-05 10:00:00', 'Stade/Gymnase', '8e de finale', 2, 3, 'joue', '{"equipe_a": [{"id": 523, "nb_buts": 2}], "equipe_b": [{"id": 526, "nb_buts": 3}]}', 175, 176, 3, 3),
('2026-05-08 14:00:00', 'Stade/Gymnase', 'Quart de finale', 3, 2, 'joue', '{"equipe_a": [{"id": 481, "nb_buts": 3}], "equipe_b": [{"id": 490, "nb_buts": 2}]}', 161, 164, 3, 3),
('2026-05-08 14:00:00', 'Stade/Gymnase', 'Quart de finale', 1, 3, 'joue', '{"equipe_a": [{"id": 493, "nb_buts": 1}], "equipe_b": [{"id": 502, "nb_buts": 3}]}', 165, 168, 3, 3),
('2026-05-08 14:00:00', 'Stade/Gymnase', 'Quart de finale', 3, 2, 'joue', '{"equipe_a": [{"id": 505, "nb_buts": 3}], "equipe_b": [{"id": 514, "nb_buts": 2}]}', 169, 172, 3, 3),
('2026-05-08 14:00:00', 'Stade/Gymnase', 'Quart de finale', 1, 3, 'joue', '{"equipe_a": [{"id": 517, "nb_buts": 1}], "equipe_b": [{"id": 526, "nb_buts": 3}]}', 173, 176, 3, 3),
('2026-05-12 16:00:00', 'Stade/Gymnase', 'Demi', 3, 1, 'joue', '{"equipe_a": [{"id": 481, "nb_buts": 3}], "equipe_b": [{"id": 502, "nb_buts": 1}]}', 161, 168, 3, 3),
('2026-05-12 16:00:00', 'Stade/Gymnase', 'Demi', 2, 3, 'joue', '{"equipe_a": [{"id": 505, "nb_buts": 2}], "equipe_b": [{"id": 526, "nb_buts": 3}]}', 169, 176, 3, 3),
('2026-05-15 20:00:00', 'Stade/Gymnase', 'Finale', 3, 0, 'joue', '{"equipe_a": [{"id": 481, "nb_buts": 3}], "equipe_b": []}', 161, 176, 3, 3),
('2026-05-01 10:00:00', 'Stade/Gymnase', 'Poules', 30, 23, 'joue', '{"equipe_a": [{"id": 529, "nb_buts": 30}], "equipe_b": [{"id": 532, "nb_buts": 23}]}', 177, 178, 4, 3),
('2026-05-01 10:00:00', 'Stade/Gymnase', 'Poules', 19, 35, 'joue', '{"equipe_a": [{"id": 535, "nb_buts": 19}], "equipe_b": [{"id": 538, "nb_buts": 35}]}', 179, 180, 4, 3),
('2026-05-01 10:00:00', 'Stade/Gymnase', 'Poules', 35, 26, 'joue', '{"equipe_a": [{"id": 541, "nb_buts": 35}], "equipe_b": [{"id": 544, "nb_buts": 26}]}', 181, 182, 4, 3),
('2026-05-01 10:00:00', 'Stade/Gymnase', 'Poules', 23, 30, 'joue', '{"equipe_a": [{"id": 547, "nb_buts": 23}], "equipe_b": [{"id": 550, "nb_buts": 30}]}', 183, 184, 4, 3),
('2026-05-01 10:00:00', 'Stade/Gymnase', 'Poules', 36, 20, 'joue', '{"equipe_a": [{"id": 553, "nb_buts": 36}], "equipe_b": [{"id": 556, "nb_buts": 20}]}', 185, 186, 4, 3),
('2026-05-01 10:00:00', 'Stade/Gymnase', 'Poules', 20, 34, 'joue', '{"equipe_a": [{"id": 559, "nb_buts": 20}], "equipe_b": [{"id": 562, "nb_buts": 34}]}', 187, 188, 4, 3),
('2026-05-01 10:00:00', 'Stade/Gymnase', 'Poules', 36, 18, 'joue', '{"equipe_a": [{"id": 565, "nb_buts": 36}], "equipe_b": [{"id": 568, "nb_buts": 18}]}', 189, 190, 4, 3),
('2026-05-01 10:00:00', 'Stade/Gymnase', 'Poules', 19, 36, 'joue', '{"equipe_a": [{"id": 571, "nb_buts": 19}], "equipe_b": [{"id": 574, "nb_buts": 36}]}', 191, 192, 4, 3),
('2026-05-05 10:00:00', 'Stade/Gymnase', '8e de finale', 30, 22, 'joue', '{"equipe_a": [{"id": 529, "nb_buts": 30}], "equipe_b": [{"id": 532, "nb_buts": 22}]}', 177, 178, 4, 3),
('2026-05-05 10:00:00', 'Stade/Gymnase', '8e de finale', 20, 30, 'joue', '{"equipe_a": [{"id": 535, "nb_buts": 20}], "equipe_b": [{"id": 538, "nb_buts": 30}]}', 179, 180, 4, 3),
('2026-05-05 10:00:00', 'Stade/Gymnase', '8e de finale', 33, 21, 'joue', '{"equipe_a": [{"id": 541, "nb_buts": 33}], "equipe_b": [{"id": 544, "nb_buts": 21}]}', 181, 182, 4, 3),
('2026-05-05 10:00:00', 'Stade/Gymnase', '8e de finale', 23, 36, 'joue', '{"equipe_a": [{"id": 547, "nb_buts": 23}], "equipe_b": [{"id": 550, "nb_buts": 36}]}', 183, 184, 4, 3),
('2026-05-05 10:00:00', 'Stade/Gymnase', '8e de finale', 32, 19, 'joue', '{"equipe_a": [{"id": 553, "nb_buts": 32}], "equipe_b": [{"id": 556, "nb_buts": 19}]}', 185, 186, 4, 3),
('2026-05-05 10:00:00', 'Stade/Gymnase', '8e de finale', 22, 31, 'joue', '{"equipe_a": [{"id": 559, "nb_buts": 22}], "equipe_b": [{"id": 562, "nb_buts": 31}]}', 187, 188, 4, 3),
('2026-05-05 10:00:00', 'Stade/Gymnase', '8e de finale', 38, 26, 'joue', '{"equipe_a": [{"id": 565, "nb_buts": 38}], "equipe_b": [{"id": 568, "nb_buts": 26}]}', 189, 190, 4, 3),
('2026-05-05 10:00:00', 'Stade/Gymnase', '8e de finale', 22, 30, 'joue', '{"equipe_a": [{"id": 571, "nb_buts": 22}], "equipe_b": [{"id": 574, "nb_buts": 30}]}', 191, 192, 4, 3),
('2026-05-08 14:00:00', 'Stade/Gymnase', 'Quart de finale', 38, 22, 'joue', '{"equipe_a": [{"id": 529, "nb_buts": 38}], "equipe_b": [{"id": 538, "nb_buts": 22}]}', 177, 180, 4, 3),
('2026-05-08 14:00:00', 'Stade/Gymnase', 'Quart de finale', 26, 29, 'joue', '{"equipe_a": [{"id": 541, "nb_buts": 26}], "equipe_b": [{"id": 550, "nb_buts": 29}]}', 181, 184, 4, 3),
('2026-05-08 14:00:00', 'Stade/Gymnase', 'Quart de finale', 36, 20, 'joue', '{"equipe_a": [{"id": 553, "nb_buts": 36}], "equipe_b": [{"id": 562, "nb_buts": 20}]}', 185, 188, 4, 3),
('2026-05-08 14:00:00', 'Stade/Gymnase', 'Quart de finale', 20, 30, 'joue', '{"equipe_a": [{"id": 565, "nb_buts": 20}], "equipe_b": [{"id": 574, "nb_buts": 30}]}', 189, 192, 4, 3),
('2026-05-12 16:00:00', 'Stade/Gymnase', 'Demi', 38, 23, 'joue', '{"equipe_a": [{"id": 529, "nb_buts": 38}], "equipe_b": [{"id": 550, "nb_buts": 23}]}', 177, 184, 4, 3),
('2026-05-12 16:00:00', 'Stade/Gymnase', 'Demi', 18, 28, 'joue', '{"equipe_a": [{"id": 553, "nb_buts": 18}], "equipe_b": [{"id": 574, "nb_buts": 28}]}', 185, 192, 4, 3),
('2026-05-15 20:00:00', 'Stade/Gymnase', 'Finale', 29, 18, 'joue', '{"equipe_a": [{"id": 529, "nb_buts": 29}], "equipe_b": [{"id": 574, "nb_buts": 18}]}', 177, 192, 4, 3);

-- 11. UTILISATEURS
INSERT INTO users (id, email, role, password, name) VALUES
(1, 'admin@unigames.gn', 'admin', '$2y$10$92IXUNpkjO0rOQ5byMi.Ye4oKoEa3Ro9llC/.og/at2.uheWG/igi', 'Administrateur'),
(2, 'staff@unigames.gn', 'staff', '$2y$10$92IXUNpkjO0rOQ5byMi.Ye4oKoEa3Ro9llC/.og/at2.uheWG/igi', 'Staff Sportif');

-- 12. TABLES TECHNIQUES LARAVEL
CREATE TABLE IF NOT EXISTS `sessions` ( `id` varchar(255) NOT NULL, `user_id` bigint(20) unsigned DEFAULT NULL, `ip_address` varchar(45) DEFAULT NULL, `user_agent` text, `payload` longtext NOT NULL, `last_activity` int(11) NOT NULL, PRIMARY KEY (`id`), KEY `sessions_user_id_index` (`user_id`), KEY `sessions_last_activity_index` (`last_activity`) ) ENGINE=InnoDB DEFAULT CHARSET=utf8mb4 COLLATE=utf8mb4_unicode_ci;
CREATE TABLE IF NOT EXISTS `cache` ( `key` varchar(255) NOT NULL, `value` mediumtext NOT NULL, `expiration` int(11) NOT NULL, PRIMARY KEY (`key`) ) ENGINE=InnoDB DEFAULT CHARSET=utf8mb4 COLLATE=utf8mb4_unicode_ci;
CREATE TABLE IF NOT EXISTS `cache_locks` ( `key` varchar(255) NOT NULL, `owner` varchar(255) NOT NULL, `expiration` int(11) NOT NULL, PRIMARY KEY (`key`) ) ENGINE=InnoDB DEFAULT CHARSET=utf8mb4 COLLATE=utf8mb4_unicode_ci;
CREATE TABLE IF NOT EXISTS `jobs` ( `id` bigint(20) unsigned NOT NULL AUTO_INCREMENT, `queue` varchar(255) NOT NULL, `payload` longtext NOT NULL, `attempts` tinyint(3) unsigned NOT NULL, `reserved_at` int(10) unsigned DEFAULT NULL, `available_at` int(10) unsigned NOT NULL, `created_at` int(10) unsigned NOT NULL, PRIMARY KEY (`id`), KEY `jobs_queue_index` (`queue`) ) ENGINE=InnoDB DEFAULT CHARSET=utf8mb4 COLLATE=utf8mb4_unicode_ci;
CREATE TABLE IF NOT EXISTS `failed_jobs` ( `id` bigint(20) unsigned NOT NULL AUTO_INCREMENT, `uuid` varchar(255) NOT NULL, `connection` text NOT NULL, `queue` text NOT NULL, `payload` longtext NOT NULL, `exception` longtext NOT NULL, `failed_at` timestamp NOT NULL DEFAULT CURRENT_TIMESTAMP, PRIMARY KEY (`id`), UNIQUE KEY `failed_jobs_uuid_unique` (`uuid`) ) ENGINE=InnoDB DEFAULT CHARSET=utf8mb4 COLLATE=utf8mb4_unicode_ci;
CREATE TABLE IF NOT EXISTS `job_batches` ( `id` varchar(255) NOT NULL, `name` varchar(255) NOT NULL, `total_jobs` int(11) NOT NULL, `pending_jobs` int(11) NOT NULL, `failed_jobs` int(11) NOT NULL, `failed_job_ids` longtext NOT NULL, `options` mediumtext, `cancelled_at` int(11) DEFAULT NULL, `created_at` int(11) NOT NULL, `finished_at` int(11) DEFAULT NULL, PRIMARY KEY (`id`) ) ENGINE=InnoDB DEFAULT CHARSET=utf8mb4 COLLATE=utf8mb4_unicode_ci;